loc_id,city_id,category_id,regis,removal,pet_count,sum_store_score,category_raw_score,norm_city,norm_all,category_city_score,category_all_score,city_score,all_score,final_score,final_score_10
KSH001,KSH,2,3245,80,3165,8.2682850915253,26.12412351192828,9.3,5.94,0.8370000000000001,0.5346,0.9770000000000001,0.6746,0.8862800000000001,0.93
KSH001,KSH,4,3245,80,3165,0.5447619047619049,1.721206650116603,0.5,0.5,0.075,0.075,0.9770000000000001,0.6746,0.8862800000000001,0.93
KSH001,KSH,5,3245,80,3165,0.5958928571428571,1.882757842473482,0.5,0.5,0.065,0.065,0.9770000000000001,0.6746,0.8862800000000001,0.93
KSH002,KSH,1,20451,879,19572,9.08046231479242,4.639516817286133,6.19,5.22,1.6713000000000002,1.4094,2.5752,2.1137,2.43675,2.56
KSH002,KSH,2,20451,879,19572,9.072900012680535,4.635652980114722,0.64,0.58,0.0576,0.052199999999999996,2.5752,2.1137,2.43675,2.56
KSH002,KSH,3,20451,879,19572,6.450647049024189,3.2958548176089253,2.78,3.03,0.30579999999999996,0.3333,2.5752,2.1137,2.43675,2.56
KSH002,KSH,4,20451,879,19572,6.885972021721306,3.518277141692881,2.03,1.06,0.30449999999999994,0.159,2.5752,2.1137,2.43675,2.56
KSH002,KSH,5,20451,879,19572,8.707463238993368,4.448938912218153,1.7,1.04,0.221,0.13520000000000001,2.5752,2.1137,2.43675,2.56
KSH002,KSH,6,20451,879,19572,0.42499999999999993,0.21714694461475573,0.5,0.82,0.015,0.024599999999999997,2.5752,2.1137,2.43675,2.56
KSH003,KSH,1,21205,1094,20111,13.78108042133155,6.852508786898489,9.5,8.68,2.5650000000000004,2.3436,5.6642,5.3736999999999995,5.57705,5.87
KSH003,KSH,2,21205,1094,20111,13.399475504764833,6.662759437504269,1.45,1.09,0.1305,0.0981,5.6642,5.3736999999999995,5.57705,5.87
KSH003,KSH,3,21205,1094,20111,16.075894866114087,7.993583047145387,9.5,9.5,1.045,1.045,5.6642,5.3736999999999995,5.57705,5.87
KSH003,KSH,4,21205,1094,20111,24.340113341836712,12.102885655530164,9.5,8.17,1.425,1.2255,5.6642,5.3736999999999995,5.57705,5.87
KSH003,KSH,5,21205,1094,20111,12.487902959865563,6.209488816998441,2.99,2.11,0.38870000000000005,0.2743,5.6642,5.3736999999999995,5.57705,5.87
KSH003,KSH,7,21205,1094,20111,0.6799999999999999,0.33812341504649196,0.5,1.76,0.11,0.3872,5.6642,5.3736999999999995,5.57705,5.87
KSH004,KSH,1,22385,3689,18696,8.489359002203617,4.540735452612119,6.03,5.07,1.6281,1.3689000000000002,5.219,4.6367,5.044309999999999,5.31
KSH004,KSH,2,22385,3689,18696,35.027198439648615,18.735129674608803,6.32,4.1,0.5688,0.36899999999999994,5.219,4.6367,5.044309999999999,5.31
KSH004,KSH,3,22385,3689,18696,14.289010806830014,7.642817076823927,9.26,9.5,1.0186,1.045,5.219,4.6367,5.044309999999999,5.31
KSH004,KSH,4,22385,3689,18696,25.61100196721047,13.69865317030941,9.5,9.49,1.425,1.4235,5.219,4.6367,5.044309999999999,5.31
KSH004,KSH,5,22385,3689,18696,15.315245781658486,8.191723246501116,4.45,3.31,0.5785,0.4303,5.219,4.6367,5.044309999999999,5.31
KSH005,KSH,1,37120,1852,35268,17.557975450134702,4.978443759253346,6.75,5.75,1.8225000000000002,1.5525000000000002,5.5552,3.8832000000000004,5.053599999999999,5.32
KSH005,KSH,2,37120,1852,35268,15.448802397690788,4.380402176956671,0.53,0.52,0.0477,0.0468,5.5552,3.8832000000000004,5.053599999999999,5.32
KSH005,KSH,3,37120,1852,35268,18.077764790338843,5.1258264688496205,5.51,5.76,0.6061,0.6335999999999999,5.5552,3.8832000000000004,5.053599999999999,5.32
KSH005,KSH,4,37120,1852,35268,22.251186039333582,6.309171498053074,4.79,3.37,0.7185,0.5055,5.5552,3.8832000000000004,5.053599999999999,5.32
KSH005,KSH,5,37120,1852,35268,17.5379705525775,4.97277150747916,2.08,1.36,0.27040000000000003,0.1768,5.5552,3.8832000000000004,5.053599999999999,5.32
KSH005,KSH,7,37120,1852,35268,1.7250124384810168,0.4891154696838541,9.5,4.4,2.09,0.9680000000000001,5.5552,3.8832000000000004,5.053599999999999,5.32
KSH006,KSH,1,5897,619,5278,7.666974133030942,14.526286724196556,9.5,9.5,2.5650000000000004,2.5650000000000004,6.0467,5.4136,5.85677,6.17
KSH006,KSH,2,5897,619,5278,7.912811842047766,14.992064876937789,4.81,3.17,0.43289999999999995,0.2853,6.0467,5.4136,5.85677,6.17
KSH006,KSH,3,5897,619,5278,4.513034370482768,8.550652463968866,9.5,9.5,1.045,1.045,6.0467,5.4136,5.85677,6.17
KSH006,KSH,4,5897,619,5278,3.873923433783961,7.339756411110195,5.81,4.22,0.8714999999999999,0.6329999999999999,6.0467,5.4136,5.85677,6.17
KSH006,KSH,5,5897,619,5278,7.384058315238151,13.99025827062931,8.71,6.81,1.1323,0.8853,6.0467,5.4136,5.85677,6.17
KSH007,KSH,1,7050,96,6954,2.6516492605793003,3.8131280710084847,4.84,3.93,1.3068,1.0611000000000002,2.4047,2.0600000000000005,2.30129,2.42
KSH007,KSH,2,7050,96,6954,3.548952539975138,5.103469283829649,0.82,0.7,0.07379999999999999,0.063,2.4047,2.0600000000000005,2.30129,2.42
KSH007,KSH,3,7050,96,6954,3.325710844881131,4.782442975095098,5.0,5.25,0.55,0.5775,2.4047,2.0600000000000005,2.30129,2.42
KSH007,KSH,4,7050,96,6954,1.3698013813496908,1.9698035394732394,0.5,0.5,0.075,0.075,2.4047,2.0600000000000005,2.30129,2.42
KSH007,KSH,5,7050,96,6954,4.3969189496212575,6.3228630279281814,3.07,2.18,0.3991,0.28340000000000004,2.4047,2.0600000000000005,2.30129,2.42
KSH008,KSH,1,25490,931,24559,18.80718042863045,7.65795856045867,9.5,9.5,2.5650000000000004,2.5650000000000004,4.480200000000001,4.1532,4.3821,4.61
KSH008,KSH,2,25490,931,24559,11.636004812172942,4.737979890131089,0.68,0.61,0.061200000000000004,0.0549,4.480200000000001,4.1532,4.3821,4.61
KSH008,KSH,3,25490,931,24559,12.891378261869926,5.249146244500968,5.69,5.94,0.6259,0.6534000000000001,4.480200000000001,4.1532,4.3821,4.61
KSH008,KSH,4,25490,931,24559,17.413301141032587,7.090395024647822,5.57,4.02,0.8355,0.6029999999999999,4.480200000000001,4.1532,4.3821,4.61
KSH008,KSH,5,25490,931,24559,15.338742283520782,6.2456705417650475,3.02,2.13,0.3926,0.2769,4.480200000000001,4.1532,4.3821,4.61
KSH009,KSH,1,16421,826,15595,8.837372435672213,5.666798612165574,7.88,6.83,2.1276,1.8441,5.0898,4.2997,4.85277,5.11
KSH009,KSH,2,16421,826,15595,13.92572288896214,8.929607495326797,2.37,1.65,0.2133,0.1485,5.0898,4.2997,4.85277,5.11
KSH009,KSH,3,16421,826,15595,9.854178260538752,6.3188061946385075,7.29,7.54,0.8019000000000001,0.8294,5.0898,4.2997,4.85277,5.11
KSH009,KSH,4,16421,826,15595,16.187776512617276,10.380106773079369,8.82,6.74,1.323,1.011,5.0898,4.2997,4.85277,5.11
KSH009,KSH,5,16421,826,15595,13.520947059366618,8.67005261902316,4.8,3.59,0.624,0.4667,5.0898,4.2997,4.85277,5.11
KSH010,KSH,2,1962,100,1862,1.2388418271583457,6.653285860141491,1.45,1.09,0.1305,0.0981,0.1305,0.0981,0.12078,0.13
KSH011,KSH,1,14138,643,13495,4.671840664745502,3.4619049016269003,4.26,3.38,1.1502000000000001,0.9126000000000001,3.5339,2.8392,3.32549,3.5
KSH011,KSH,2,14138,643,13495,11.134990174573135,8.251196868894505,2.09,1.49,0.1881,0.1341,3.5339,2.8392,3.32549,3.5
KSH011,KSH,3,14138,643,13495,5.854718061923568,4.338435021803311,4.34,4.58,0.4774,0.5038,3.5339,2.8392,3.32549,3.5
KSH011,KSH,4,14138,643,13495,12.59157520150658,9.330548500560637,7.78,5.87,1.167,0.8805,3.5339,2.8392,3.32549,3.5
KSH011,KSH,5,14138,643,13495,10.679631943111955,7.913769502120752,4.24,3.14,0.5512,0.4082,3.5339,2.8392,3.32549,3.5
KSH012,KSH,1,33353,1691,31662,19.608472652378087,6.193061920402402,8.74,7.65,2.3598000000000003,2.0655,5.343400000000001,4.7625,5.169130000000001,5.44
KSH012,KSH,2,33353,1691,31662,19.092639082715433,6.03014309984064,1.2,0.93,0.108,0.0837,5.343400000000001,4.7625,5.169130000000001,5.44
KSH012,KSH,3,33353,1691,31662,24.71336046982983,7.805369360694154,9.5,9.5,1.045,1.045,5.343400000000001,4.7625,5.169130000000001,5.44
KSH012,KSH,4,33353,1691,31662,39.72113883524998,12.54536631774682,9.5,8.54,1.425,1.281,5.343400000000001,4.7625,5.169130000000001,5.44
KSH012,KSH,5,33353,1691,31662,20.221626442658753,6.3867179719091505,3.12,2.21,0.4056,0.2873,5.343400000000001,4.7625,5.169130000000001,5.44
KSH013,KSH,1,7534,604,6930,1.0635076805407455,1.5346431176634137,1.1,0.5,0.29700000000000004,0.135,3.1629000000000005,2.4537,2.95014,3.11
KSH013,KSH,2,7534,604,6930,3.510624714223619,5.065836528461211,0.81,0.69,0.0729,0.062099999999999995,3.1629000000000005,2.4537,2.95014,3.11
KSH013,KSH,3,7534,604,6930,1.7795127911453568,2.5678395254622757,1.7,1.95,0.187,0.2145,3.1629000000000005,2.4537,2.95014,3.11
KSH013,KSH,4,7534,604,6930,7.421041249185666,10.708573231148147,9.14,7.01,1.371,1.0514999999999999,3.1629000000000005,2.4537,2.95014,3.11
KSH013,KSH,5,7534,604,6930,10.627084063418957,15.334897638411194,9.5,7.62,1.235,0.9906,3.1629000000000005,2.4537,2.95014,3.11
KSH014,KSH,1,26744,5352,21392,3.467386865994577,1.6208801729593196,1.24,0.51,0.33480000000000004,0.13770000000000002,1.0932,0.6559,0.9620099999999999,1.01
KSH014,KSH,2,26744,5352,21392,4.332730144878083,2.0253974125271514,0.5,0.5,0.045,0.045,1.0932,0.6559,0.9620099999999999,1.01
KSH014,KSH,3,26744,5352,21392,3.6240547280003796,1.6941168324609104,0.5,0.64,0.055,0.0704,1.0932,0.6559,0.9620099999999999,1.01
KSH014,KSH,4,26744,5352,21392,7.122138145065761,3.3293465524802546,1.85,0.9,0.2775,0.135,1.0932,0.6559,0.9620099999999999,1.01
KSH014,KSH,5,26744,5352,21392,13.117660061314817,6.132040043621362,2.93,2.06,0.3809,0.26780000000000004,1.0932,0.6559,0.9620099999999999,1.01
KSH015,KSH,2,4517,196,4321,5.06508767402656,11.722026554099886,3.49,2.35,0.3141,0.2115,0.9247000000000001,0.6817,0.8518,0.9
KSH015,KSH,4,4517,196,4321,0.44000000000000006,1.0182828049062718,0.5,0.5,0.075,0.075,0.9247000000000001,0.6817,0.8518,0.9
KSH015,KSH,5,4517,196,4321,3.3478026602621886,7.747749734464681,4.12,3.04,0.5356000000000001,0.3952,0.9247000000000001,0.6817,0.8518,0.9
KSH016,KSH,1,3131,212,2919,1.7899348724163726,6.132013951409293,8.64,7.55,2.3328,2.0385,4.7966,3.9137,4.53173,4.77
KSH016,KSH,2,3131,212,2919,4.482867369187443,15.35754494411594,4.96,3.26,0.44639999999999996,0.2934,4.7966,3.9137,4.53173,4.77
KSH016,KSH,3,3131,212,2919,0.6000000000000001,2.0554984583761566,0.94,1.18,0.10339999999999999,0.1298,4.7966,3.9137,4.53173,4.77
KSH016,KSH,4,3131,212,2919,2.9645038798897043,10.155888591605702,8.6,6.56,1.2899999999999998,0.9839999999999999,4.7966,3.9137,4.53173,4.77
KSH016,KSH,5,3131,212,2919,2.5318766275045768,8.673780841057132,4.8,3.6,0.624,0.468,4.7966,3.9137,4.53173,4.77
KSH017,KSH,1,12166,808,11358,5.916354173669584,5.208975324590231,7.13,6.11,1.9251,1.6497000000000002,4.3443,3.6558,4.13775,4.36
KSH017,KSH,2,12166,808,11358,5.437731628878293,4.787578472335176,0.7,0.62,0.063,0.055799999999999995,4.3443,3.6558,4.13775,4.36
KSH017,KSH,3,12166,808,11358,5.950730150426287,5.2392411960083525,5.68,5.93,0.6248,0.6523,4.3443,3.6558,4.13775,4.36
KSH017,KSH,4,12166,808,11358,9.710886976983037,8.549821251085612,7.01,5.23,1.0514999999999999,0.7845000000000001,4.3443,3.6558,4.13775,4.36
KSH017,KSH,5,12166,808,11358,10.517394067857454,9.25989968996078,5.23,3.95,0.6799000000000001,0.5135000000000001,4.3443,3.6558,4.13775,4.36
KSH018,KSH,1,5958,186,5772,0.5857142857142857,1.0147510147510148,0.5,0.5,0.135,0.135,0.588,0.4455,0.54525,0.57
KSH018,KSH,2,5958,186,5772,2.413755909352956,4.181836294790291,0.5,0.5,0.045,0.045,0.588,0.4455,0.54525,0.57
KSH018,KSH,3,5958,186,5772,0.5,0.8662508662508662,0.5,0.5,0.055,0.055,0.588,0.4455,0.54525,0.57
KSH018,KSH,4,5958,186,5772,1.9667189039558153,3.4073439084473582,1.92,0.97,0.288,0.1455,0.588,0.4455,0.54525,0.57
KSH018,KSH,5,5958,186,5772,0.6795833333333333,1.1773793023793022,0.5,0.5,0.065,0.065,0.588,0.4455,0.54525,0.57
KSH019,KSH,1,13561,872,12689,6.27506597335719,4.94528014292473,6.69,5.7,1.8063000000000002,1.5390000000000001,4.0966000000000005,3.2399,3.8395900000000003,4.04
KSH019,KSH,2,13561,872,12689,22.812305520285456,17.978016802179415,6.02,3.91,0.5418,0.3519,4.0966000000000005,3.2399,3.8395900000000003,4.04
KSH019,KSH,3,13561,872,12689,2.2371954421484275,1.763098307312182,0.5,0.75,0.055,0.0825,4.0966000000000005,3.2399,3.8395900000000003,4.04
KSH019,KSH,4,13561,872,12689,11.332873966006986,8.931258543625965,7.39,5.54,1.1084999999999998,0.831,4.0966000000000005,3.2399,3.8395900000000003,4.04
KSH019,KSH,5,13561,872,12689,10.493120361781857,8.269462023628227,4.5,3.35,0.585,0.43550000000000005,4.0966000000000005,3.2399,3.8395900000000003,4.04
KSH020,KSH,2,4377,206,4171,5.728479020212094,13.7340662196406,4.31,2.85,0.38789999999999997,0.2565,2.5472,2.016,2.3878399999999997,2.51
KSH020,KSH,3,4377,206,4171,1.7823746288288982,4.273254924068325,4.24,4.49,0.46640000000000004,0.4939,2.5472,2.016,2.3878399999999997,2.51
KSH020,KSH,4,4377,206,4171,3.604411016040518,8.641599175354873,7.1,5.3,1.065,0.7949999999999999,2.5472,2.016,2.3878399999999997,2.51
KSH020,KSH,5,4377,206,4171,3.633789841857195,8.71203510394916,4.83,3.62,0.6279,0.4706,2.5472,2.016,2.3878399999999997,2.51
KSH021,KSH,1,3401,318,3083,0.6651785714285714,2.157569158055697,2.12,1.34,0.5724,0.36180000000000007,1.2449,0.8972,1.14059,1.2
KSH021,KSH,2,3401,318,3083,3.2517476940516907,10.54734899140996,3.02,2.06,0.2718,0.1854,1.2449,0.8972,1.14059,1.2
KSH021,KSH,5,3401,318,3083,1.035120328863574,3.3575099865831137,0.89,0.5,0.11570000000000001,0.065,1.2449,0.8972,1.14059,1.2
KSH021,KSH,6,3401,318,3083,0.5342857142857144,1.7330058848060796,9.5,9.5,0.285,0.285,1.2449,0.8972,1.14059,1.2
KSH022,KSH,2,1654,852,802,4.659210176987578,58.09488998737629,9.5,9.5,0.855,0.855,1.8417,1.6206999999999998,1.7753999999999999,1.87
KSH022,KSH,5,1654,852,802,1.0,12.468827930174564,7.59,5.89,0.9867,0.7656999999999999,1.8417,1.6206999999999998,1.7753999999999999,1.87
KSH023,KSH,1,3592,366,3226,0.5742857142857142,1.7801789035515008,1.5,0.76,0.405,0.20520000000000002,3.0246000000000004,2.1817,2.7717300000000002,2.92
KSH023,KSH,2,3592,366,3226,4.129645016975125,12.801131484733805,3.93,2.62,0.3537,0.2358,3.0246000000000004,2.1817,2.7717300000000002,2.92
KSH023,KSH,4,3592,366,3226,3.100538139301337,9.611091566340164,8.06,6.11,1.209,0.9165,3.0246000000000004,2.1817,2.7717300000000002,2.92
KSH023,KSH,5,3592,366,3226,4.260788055429173,13.207650512799669,8.13,6.34,1.0569000000000002,0.8242,3.0246000000000004,2.1817,2.7717300000000002,2.92
KSH024,KSH,1,3740,433,3307,1.9027786849005672,5.753791003630382,8.02,6.96,2.1654,1.8792000000000002,5.4214,4.5321,5.15461,5.43
KSH024,KSH,2,3740,433,3307,4.520154742434819,13.668444942349016,4.28,2.84,0.3852,0.2556,5.4214,4.5321,5.15461,5.43
KSH024,KSH,3,3740,433,3307,1.9457158042602862,5.883628074569962,6.64,6.89,0.7303999999999999,0.7579,5.4214,4.5321,5.15461,5.43
KSH024,KSH,4,3740,433,3307,3.622008079363769,10.95254937817892,9.39,7.22,1.4085,1.083,5.4214,4.5321,5.15461,5.43
KSH024,KSH,5,3740,433,3307,3.2419876092430604,9.803409764871667,5.63,4.28,0.7319,0.5564,5.4214,4.5321,5.15461,5.43
KSH025,KSH,1,2753,148,2605,0.42946428571428574,1.6486153002467783,1.28,0.55,0.3456,0.14850000000000002,1.7032,1.1355,1.5328899999999999,1.61
KSH025,KSH,2,2753,148,2605,0.6171428571428571,2.36907046887853,0.5,0.5,0.045,0.045,1.7032,1.1355,1.5328899999999999,1.61
KSH025,KSH,4,2753,148,2605,1.128478032558075,4.331969414810269,2.84,1.73,0.426,0.2595,1.7032,1.1355,1.5328899999999999,1.61
KSH025,KSH,5,2753,148,2605,2.973620278310481,11.41504905301528,6.82,5.25,0.8866,0.6825,1.7032,1.1355,1.5328899999999999,1.61
KSH026,KSH,2,2228,84,2144,1.1354245128488367,5.295823287541216,0.9,0.75,0.081,0.0675,1.2339,0.8879,1.1301,1.19
KSH026,KSH,4,2228,84,2144,1.6082231420170263,7.501040774333145,5.97,4.36,0.8955,0.654,1.2339,0.8879,1.1301,1.19
KSH026,KSH,5,2228,84,2144,1.0369995515160442,4.836751639533788,1.98,1.28,0.2574,0.16640000000000002,1.2339,0.8879,1.1301,1.19
KSH028,KSH,1,1932,128,1804,0.6726190476190477,3.7284869601942776,4.7,3.8,1.2690000000000001,1.026,1.6463,1.2647,1.53182,1.61
KSH028,KSH,2,1932,128,1804,1.8120613170114175,10.044685792746217,2.82,1.93,0.25379999999999997,0.1737,1.6463,1.2647,1.53182,1.61
KSH028,KSH,5,1932,128,1804,0.6190476190476191,3.4315278217717244,0.95,0.5,0.1235,0.065,1.6463,1.2647,1.53182,1.61
KSH029,KSH,1,4983,684,4299,0.4,0.930448941614329,0.5,0.5,0.135,0.135,0.7739,0.6713,0.7431199999999999,0.78
KSH029,KSH,2,4983,684,4299,2.9578050035265013,6.880216337581999,1.54,1.14,0.1386,0.10259999999999998,0.7739,0.6713,0.7431199999999999,0.78
KSH029,KSH,3,4983,684,4299,1.3139595747500006,3.0564307391253793,2.43,2.67,0.26730000000000004,0.2937,0.7739,0.6713,0.7431199999999999,0.78
KSH029,KSH,4,4983,684,4299,1.1146543923477328,2.5928224990642774,1.12,0.5,0.168,0.075,0.7739,0.6713,0.7431199999999999,0.78
KSH029,KSH,5,4983,684,4299,1.188986815787418,2.7657288108569853,0.5,0.5,0.065,0.065,0.7739,0.6713,0.7431199999999999,0.78
KSH030,KSH,1,5155,554,4601,1.1400088478897588,2.4777414646593323,2.65,1.85,0.7155,0.49950000000000006,4.3469999999999995,3.4798,4.08684,4.3
KSH030,KSH,2,5155,554,4601,9.113775164597808,19.80824856465509,6.76,4.37,0.6083999999999999,0.3933,4.3469999999999995,3.4798,4.08684,4.3
KSH030,KSH,3,5155,554,4601,1.8491844223855467,4.019092419877302,3.86,4.11,0.4246,0.45210000000000006,4.3469999999999995,3.4798,4.08684,4.3
KSH030,KSH,4,5155,554,4601,4.901613052185978,10.65336459940443,9.09,6.97,1.3635,1.0454999999999999,4.3469999999999995,3.4798,4.08684,4.3
KSH030,KSH,5,5155,554,4601,7.631140645611454,16.585830570770383,9.5,8.38,1.235,1.0894000000000001,4.3469999999999995,3.4798,4.08684,4.3
KSH031,KSH,1,6086,560,5526,0.3,0.5428881650380022,0.5,0.5,0.135,0.135,2.7055000000000002,2.0391,2.50558,2.64
KSH031,KSH,2,6086,560,5526,15.111101906863066,27.345461286397153,9.5,6.25,0.855,0.5625,2.7055000000000002,2.0391,2.50558,2.64
KSH031,KSH,3,6086,560,5526,1.3391947257778316,2.4234432243536586,1.48,1.73,0.1628,0.1903,2.7055000000000002,2.0391,2.50558,2.64
KSH031,KSH,4,6086,560,5526,4.996354200507048,9.041538545977286,7.5,5.63,1.125,0.8444999999999999,2.7055000000000002,2.0391,2.50558,2.64
KSH031,KSH,5,6086,560,5526,3.6593270305677468,6.6220177896629515,3.29,2.36,0.4277,0.3068,2.7055000000000002,2.0391,2.50558,2.64
KSH032,KSH,2,2248,158,2090,7.117918797204602,34.057027737821066,9.5,7.92,0.855,0.7128,2.165,2.0228,2.12234,2.23
KSH032,KSH,4,2248,158,2090,0.41000000000000003,1.9617224880382778,0.5,0.5,0.075,0.075,2.165,2.0228,2.12234,2.23
KSH032,KSH,5,2248,158,2090,6.00626394581267,28.73810500388837,9.5,9.5,1.235,1.235,2.165,2.0228,2.12234,2.23
KSH033,KSH,2,1092,228,864,3.082479668781496,35.676848018304355,9.5,8.33,0.855,0.7497,2.09,1.8417000000000001,2.01551,2.12
KSH033,KSH,5,1092,228,864,1.4363483248876767,16.624401908422183,9.5,8.4,1.235,1.092,2.09,1.8417000000000001,2.01551,2.12
KSH034,KSH,2,2325,253,2072,1.0562489328285813,5.0977265097904505,0.82,0.7,0.07379999999999999,0.063,0.7403,0.5345,0.6785599999999999,0.71
KSH034,KSH,4,2325,253,2072,1.1429545176715925,5.51618975710228,4.01,2.71,0.6014999999999999,0.4065,0.7403,0.5345,0.6785599999999999,0.71
KSH034,KSH,5,2325,253,2072,0.48,2.3166023166023164,0.5,0.5,0.065,0.065,0.7403,0.5345,0.6785599999999999,0.71
KSH035,KSH,2,3873,188,3685,0.5416666666666665,1.469923111714156,0.5,0.5,0.045,0.045,0.3273,0.185,0.28461,0.3
KSH035,KSH,4,3873,188,3685,1.0265626384309048,2.7857873498803385,1.31,0.5,0.1965,0.075,0.3273,0.185,0.28461,0.3
KSH035,KSH,5,3873,188,3685,1.1199106467612912,3.0391062327307767,0.66,0.5,0.0858,0.065,0.3273,0.185,0.28461,0.3
KSH036,KSH,2,821,72,749,0.7023809523809523,9.377582808824464,2.55,1.77,0.22949999999999998,0.1593,0.22949999999999998,0.1593,0.20844,0.22
KSH037,KSH,2,1561,268,1293,0.94,7.269914926527456,1.7,1.24,0.153,0.11159999999999999,0.153,0.11159999999999999,0.14057999999999998,0.15
KSH038,KSH,2,1034,96,938,1.7086218774098683,18.215585047013523,6.11,3.97,0.5499,0.3573,1.3704,0.9482999999999999,1.24377,1.31
KSH038,KSH,4,1034,96,938,0.6562500000000001,6.99626865671642,5.47,3.94,0.8204999999999999,0.591,1.3704,0.9482999999999999,1.24377,1.31
NTP001,NTP,1,51435,6137,45298,21.834919950789434,4.820283445359494,9.5,5.5,2.5650000000000004,1.485,4.9877,4.0622,4.71005,4.96
NTP001,NTP,2,51435,6137,45298,30.89841019179445,6.821142256124873,0.71,1.13,0.0639,0.10169999999999998,4.9877,4.0622,4.71005,4.96
NTP001,NTP,3,51435,6137,45298,30.8764672999425,6.816298136770388,9.45,8.28,1.0394999999999999,0.9107999999999999,4.9877,4.0622,4.71005,4.96
NTP001,NTP,4,51435,6137,45298,32.15201179729853,7.097887720715821,0.51,4.02,0.0765,0.6029999999999999,4.9877,4.0622,4.71005,4.96
NTP001,NTP,5,51435,6137,45298,27.87901114057732,6.1545788203844145,1.22,2.07,0.1586,0.2691,4.9877,4.0622,4.71005,4.96
NTP001,NTP,6,51435,6137,45298,0.5028571428571429,0.11101089294387013,0.5,0.5,0.015,0.015,4.9877,4.0622,4.71005,4.96
NTP001,NTP,7,51435,6137,45298,1.8741943956579017,0.41374771417234796,4.86,3.08,1.0692000000000002,0.6776,4.9877,4.0622,4.71005,4.96
NTP002,NTP,1,33378,2718,30660,11.397824700466298,3.7174901175689166,6.99,3.78,1.8873000000000002,1.0206,2.5607,2.2308999999999997,2.46176,2.59
NTP002,NTP,2,33378,2718,30660,8.497753459355403,2.7716090865477505,0.5,0.5,0.045,0.045,2.5607,2.2308999999999997,2.46176,2.59
NTP002,NTP,3,33378,2718,30660,12.204926080330578,3.980732576754918,4.44,4.05,0.48840000000000006,0.4455,2.5607,2.2308999999999997,2.46176,2.59
NTP002,NTP,4,33378,2718,30660,21.71567828038807,7.082739165162449,0.5,4.01,0.075,0.6014999999999999,2.5607,2.2308999999999997,2.46176,2.59
NTP002,NTP,5,33378,2718,30660,12.964697395503304,4.228537963308319,0.5,0.91,0.065,0.1183,2.5607,2.2308999999999997,2.46176,2.59
NTP003,NTP,1,35504,3140,32364,13.48383838526732,4.166307744798949,8.34,4.48,2.2518000000000002,1.2096000000000002,3.4771000000000005,2.8288,3.2826100000000005,3.46
NTP003,NTP,2,35504,3140,32364,13.197158681717355,4.077727932801061,0.5,0.5,0.045,0.045,3.4771000000000005,2.8288,3.2826100000000005,3.46
NTP003,NTP,3,35504,3140,32364,15.741192825080594,4.8637970662095515,6.0,5.37,0.66,0.5907,3.4771000000000005,2.8288,3.2826100000000005,3.46
NTP003,NTP,4,35504,3140,32364,27.936252855475004,8.63189125431807,2.18,5.29,0.327,0.7935,3.4771000000000005,2.8288,3.2826100000000005,3.46
NTP003,NTP,5,35504,3140,32364,10.86482153344476,3.357070057299703,0.5,0.5,0.065,0.065,3.4771000000000005,2.8288,3.2826100000000005,3.46
NTP003,NTP,6,35504,3140,32364,0.5257142857142857,0.16243798223775976,0.61,0.5,0.0183,0.015,3.4771000000000005,2.8288,3.2826100000000005,3.46
NTP003,NTP,7,35504,3140,32364,0.7,0.21628970461006053,0.5,0.5,0.11,0.11,3.4771000000000005,2.8288,3.2826100000000005,3.46
NTP004,NTP,1,16764,1066,15698,12.242384796774827,7.798690786580982,9.5,9.5,2.5650000000000004,2.5650000000000004,4.4964,4.9042,4.618740000000001,4.86
NTP004,NTP,2,16764,1066,15698,9.492736925274869,6.047099582924493,0.65,0.94,0.058499999999999996,0.0846,4.4964,4.9042,4.618740000000001,4.86
NTP004,NTP,3,16764,1066,15698,10.938235443694749,6.967916577713561,9.5,8.5,1.045,0.935,4.4964,4.9042,4.618740000000001,4.86
NTP004,NTP,4,16764,1066,15698,16.961903454273944,10.805136612481808,4.54,7.09,0.6809999999999999,1.0635,4.4964,4.9042,4.618740000000001,4.86
NTP004,NTP,5,16764,1066,15698,9.384584231642018,5.9782037403758554,1.13,1.97,0.1469,0.2561,4.4964,4.9042,4.618740000000001,4.86
NTP005,NTP,1,35102,2238,32864,14.864175205912623,4.522935493522585,9.41,5.04,2.5407,1.3608,5.6362000000000005,4.368,5.25574,5.53
NTP005,NTP,2,35102,2238,32864,29.469428232932163,8.967085027060664,0.87,1.66,0.0783,0.14939999999999998,5.6362000000000005,4.368,5.25574,5.53
NTP005,NTP,3,35102,2238,32864,15.810869731970195,4.810999796729003,5.91,5.29,0.6501,0.5819,5.6362000000000005,4.368,5.25574,5.53
NTP005,NTP,4,35102,2238,32864,35.37190566810691,10.763116379049086,4.5,7.06,0.6749999999999999,1.059,5.6362000000000005,4.368,5.25574,5.53
NTP005,NTP,5,35102,2238,32864,21.30548998465333,6.482926601951476,1.39,2.27,0.1807,0.29510000000000003,5.6362000000000005,4.368,5.25574,5.53
NTP005,NTP,7,35102,2238,32864,1.5688907441649371,0.47738885837540684,6.87,4.19,1.5114,0.9218000000000001,5.6362000000000005,4.368,5.25574,5.53
NTP006,NTP,1,30055,1690,28365,8.9059068864567,3.139752119321946,5.26,2.88,1.4202000000000001,0.7776000000000001,2.0359000000000003,2.0714,2.04655,2.15
NTP006,NTP,2,30055,1690,28365,19.448831248752462,6.856630089459708,0.71,1.14,0.0639,0.10259999999999998,2.0359000000000003,2.0714,2.04655,2.15
NTP006,NTP,3,30055,1690,28365,6.947234405975649,2.449227712312938,1.74,1.77,0.1914,0.1947,2.0359000000000003,2.0714,2.04655,2.15
NTP006,NTP,4,30055,1690,28365,20.579416389478652,7.2552146622523015,0.69,4.15,0.1035,0.6225,2.0359000000000003,2.0714,2.04655,2.15
NTP006,NTP,5,30055,1690,28365,20.64073977990985,7.2768340489722725,1.81,2.75,0.2353,0.35750000000000004,2.0359000000000003,2.0714,2.04655,2.15
NTP006,NTP,6,30055,1690,28365,0.5035714285714286,0.17753267356651808,0.72,0.55,0.021599999999999998,0.0165,2.0359000000000003,2.0714,2.04655,2.15
NTP007,NTP,1,14583,714,13869,2.2507569191496994,1.6228689300956807,0.7,0.51,0.189,0.13770000000000002,1.6561,2.0866,1.7852499999999996,1.88
NTP007,NTP,2,14583,714,13869,9.285080702236266,6.694845123827433,0.7,1.1,0.063,0.099,1.6561,2.0866,1.7852499999999996,1.88
NTP007,NTP,3,14583,714,13869,3.2125540572211344,2.316355942909463,1.5,1.57,0.165,0.17270000000000002,1.6561,2.0866,1.7852499999999996,1.88
NTP007,NTP,4,14583,714,13869,17.496333142140895,12.615425151157902,6.51,8.59,0.9764999999999999,1.2885,1.6561,2.0866,1.7852499999999996,1.88
NTP007,NTP,5,14583,714,13869,10.6328516034181,7.666631771157329,2.02,2.99,0.2626,0.38870000000000005,1.6561,2.0866,1.7852499999999996,1.88
NTP008,NTP,1,7845,534,7311,1.1775000000000002,1.610586787033238,0.66,0.5,0.17820000000000003,0.135,1.4085,1.9117,1.55946,1.64
NTP008,NTP,2,7845,534,7311,4.753114356427826,6.50131904859503,0.68,1.05,0.061200000000000004,0.0945,1.4085,1.9117,1.55946,1.64
NTP008,NTP,3,7845,534,7311,1.5086898771265411,2.0635889442299837,1.06,1.19,0.11660000000000001,0.1309,1.4085,1.9117,1.55946,1.64
NTP008,NTP,4,7845,534,7311,8.19216097852885,11.205253697892013,4.98,7.43,0.747,1.1144999999999998,1.4085,1.9117,1.55946,1.64
NTP008,NTP,5,7845,534,7311,6.058986699425268,8.287493775715044,2.35,3.36,0.30550000000000005,0.4368,1.4085,1.9117,1.55946,1.64
NTP009,NTP,1,11411,866,10545,3.5126772319594446,3.33113061352247,5.83,3.18,1.5741,0.8586000000000001,3.0806,3.3171,3.15155,3.32
NTP009,NTP,2,11411,866,10545,24.579049089162286,23.308723650225023,1.96,5.24,0.1764,0.4716,3.0806,3.3171,3.15155,3.32
NTP009,NTP,3,11411,866,10545,2.410241084738347,2.2856719627675175,1.45,1.52,0.1595,0.16720000000000002,3.0806,3.3171,3.15155,3.32
NTP009,NTP,4,11411,866,10545,9.542102396510746,9.048935416321239,2.63,5.64,0.39449999999999996,0.846,3.0806,3.3171,3.15155,3.32
NTP009,NTP,5,11411,866,10545,15.935217459043566,15.111633436741172,5.97,7.49,0.7761,0.9737,3.0806,3.3171,3.15155,3.32
NTP010,NTP,1,19001,1602,17399,6.902287001554309,3.967059602019834,7.74,4.17,2.0898000000000003,1.1259000000000001,5.0464,4.5302,4.89154,5.15
NTP010,NTP,2,19001,1602,17399,38.13578299040547,21.9183763379536,1.85,4.89,0.1665,0.44009999999999994,5.0464,4.5302,4.89154,5.15
NTP010,NTP,3,19001,1602,17399,6.40439856549958,3.680900376745549,3.91,3.6,0.43010000000000004,0.396,5.0464,4.5302,4.89154,5.15
NTP010,NTP,4,19001,1602,17399,27.634557638927795,15.882842484584053,9.5,9.5,1.425,1.425,5.0464,4.5302,4.89154,5.15
NTP010,NTP,5,19001,1602,17399,29.31109526843983,16.84642523618589,6.89,8.54,0.8956999999999999,1.1101999999999999,5.0464,4.5302,4.89154,5.15
NTP010,NTP,6,19001,1602,17399,0.44761904761904764,0.2572671116840322,1.31,1.1,0.0393,0.033,5.0464,4.5302,4.89154,5.15
NTP011,NTP,1,20208,973,19235,5.000907073710385,2.5998997003953135,3.63,2.04,0.9801000000000001,0.5508000000000001,3.1064,3.1246,3.1118599999999996,3.28
NTP011,NTP,2,20208,973,19235,17.02138210674592,8.849171877694786,0.86,1.63,0.0774,0.1467,3.1064,3.1246,3.1118599999999996,3.28
NTP011,NTP,3,20208,973,19235,5.299695761762787,2.755235644274909,2.28,2.22,0.25079999999999997,0.24420000000000003,3.1064,3.1246,3.1118599999999996,3.28
NTP011,NTP,4,20208,973,19235,27.023023463973693,14.048881447347904,8.07,9.5,1.2105,1.425,3.1064,3.1246,3.1118599999999996,3.28
NTP011,NTP,5,20208,973,19235,23.79993385164559,12.373243489288065,4.52,5.83,0.5876,0.7579,3.1064,3.1246,3.1118599999999996,3.28
NTP012,NTP,1,3234,174,3060,0.5369047619047621,1.7545907251789612,1.09,0.72,0.29430000000000006,0.19440000000000002,3.0662000000000003,3.4574000000000003,3.18356,3.35
NTP012,NTP,2,3234,174,3060,35.249758099939235,115.19528790829816,8.91,9.5,0.8019,0.855,3.0662000000000003,3.4574000000000003,3.18356,3.35
NTP012,NTP,4,3234,174,3060,2.8708378311755434,9.381822977697855,3.0,5.92,0.44999999999999996,0.888,3.0662000000000003,3.4574000000000003,3.18356,3.35
NTP012,NTP,5,3234,174,3060,7.471701074759978,24.417323773725418,9.5,9.5,1.235,1.235,3.0662000000000003,3.4574000000000003,3.18356,3.35
NTP012,NTP,6,3234,174,3060,0.5259523809523811,1.718798630563337,9.5,9.5,0.285,0.285,3.0662000000000003,3.4574000000000003,3.18356,3.35
NTP013,NTP,1,20582,1188,19394,5.584469358917142,2.8794830148072297,4.47,2.47,1.2069,0.6669,2.5649,2.4525,2.53118,2.66
NTP013,NTP,2,20582,1188,19394,10.613348432717379,5.472490684086511,0.61,0.79,0.0549,0.0711,2.5649,2.4525,2.53118,2.66
NTP013,NTP,3,20582,1188,19394,8.347512918098202,4.304172897854079,5.01,4.53,0.5511,0.4983,2.5649,2.4525,2.53118,2.66
NTP013,NTP,4,20582,1188,19394,21.0202241402897,10.83851920196437,4.58,7.12,0.6869999999999999,1.068,2.5649,2.4525,2.53118,2.66
NTP013,NTP,5,20582,1188,19394,8.925941481225362,4.602424193681222,0.5,1.14,0.065,0.1482,2.5649,2.4525,2.53118,2.66
NTP014,NTP,1,16111,865,15246,6.406533745390435,4.202107926925381,8.45,4.54,2.2815,1.2258,3.5730999999999997,3.0337,3.4112799999999996,3.59
NTP014,NTP,2,16111,865,15246,10.65519514498072,6.988846349849613,0.72,1.17,0.0648,0.10529999999999999,3.5730999999999997,3.0337,3.4112799999999996,3.59
NTP014,NTP,3,16111,865,15246,5.312123369267494,3.484273494206673,3.57,3.31,0.3927,0.36410000000000003,3.5730999999999997,3.0337,3.4112799999999996,3.59
NTP014,NTP,4,16111,865,15246,16.1726856062169,10.607822121354387,4.33,6.93,0.6495,1.0394999999999999,3.5730999999999997,3.0337,3.4112799999999996,3.59
NTP014,NTP,5,16111,865,15246,9.949113085454101,6.525720244952185,1.42,2.3,0.1846,0.299,3.5730999999999997,3.0337,3.4112799999999996,3.59
NTP015,NTP,1,9870,579,9291,2.9425488253858907,3.167095926580444,5.34,2.92,1.4418,0.7884,2.9184,2.758,2.8702799999999997,3.02
NTP015,NTP,2,9870,579,9291,3.718326875843884,4.002073916525545,0.5,0.5,0.045,0.045,2.9184,2.758,2.8702799999999997,3.02
NTP015,NTP,3,9870,579,9291,0.4099999999999999,0.4412872672478742,0.5,0.5,0.055,0.055,2.9184,2.758,2.8702799999999997,3.02
NTP015,NTP,4,9870,579,9291,10.813364064324727,11.6385362870786,5.45,7.78,0.8175,1.167,2.9184,2.758,2.8702799999999997,3.02
NTP015,NTP,5,9870,579,9291,9.71606978584709,10.457507034600248,3.5,4.68,0.455,0.6083999999999999,2.9184,2.758,2.8702799999999997,3.02
NTP015,NTP,6,9870,579,9291,0.5142857142857142,0.5535310669311314,3.47,3.14,0.1041,0.0942,2.9184,2.758,2.8702799999999997,3.02
NTP016,NTP,1,6657,440,6217,1.9110143809237634,3.073852953070232,5.06,2.78,1.3662,0.7506,2.7821000000000002,2.604,2.72867,2.87
NTP016,NTP,2,6657,440,6217,1.7536173076256372,2.8206808872858886,0.5,0.5,0.045,0.045,2.7821000000000002,2.604,2.72867,2.87
NTP016,NTP,3,6657,440,6217,3.2257806654431023,5.188645110894487,6.57,5.85,0.7227,0.6435,2.7821000000000002,2.604,2.72867,2.87
NTP016,NTP,4,6657,440,6217,6.224130835364772,10.01146989764319,3.68,6.44,0.552,0.966,2.7821000000000002,2.604,2.72867,2.87
NTP016,NTP,5,6657,440,6217,3.266363017528371,5.253921533743559,0.74,1.53,0.09620000000000001,0.19890000000000002,2.7821000000000002,2.604,2.72867,2.87
NTP017,NTP,1,15639,546,15093,6.676741877474704,4.423734100228387,9.11,4.89,2.4597,1.3203,7.9769000000000005,6.4964,7.53275,7.93
NTP017,NTP,2,15639,546,15093,21.97089245372217,14.55700818506736,1.29,3.06,0.1161,0.2754,7.9769000000000005,6.4964,7.53275,7.93
NTP017,NTP,3,15639,546,15093,12.813092018122282,8.489426898643266,9.5,9.5,1.045,1.045,7.9769000000000005,6.4964,7.53275,7.93
NTP017,NTP,4,15639,546,15093,24.057906239935352,15.939777539213775,9.5,9.5,1.425,1.425,7.9769000000000005,6.4964,7.53275,7.93
NTP017,NTP,5,15639,546,15093,24.247205752641957,16.065199597589583,6.47,8.07,0.8411,1.0491000000000001,7.9769000000000005,6.4964,7.53275,7.93
NTP017,NTP,7,15639,546,15093,0.9000000000000001,0.5963029218843173,9.5,6.28,2.09,1.3816000000000002,7.9769000000000005,6.4964,7.53275,7.93
NTP018,NTP,2,2153,90,2063,4.346945470405083,21.07099113138673,1.79,4.68,0.1611,0.42119999999999996,1.3853,2.2831,1.65464,1.74
NTP018,NTP,3,2153,90,2063,0.1,0.4847309743092584,0.5,0.5,0.055,0.055,1.3853,2.2831,1.65464,1.74
NTP018,NTP,4,2153,90,2063,1.9027473132330583,9.22320559007784,2.82,5.78,0.423,0.867,1.3853,2.2831,1.65464,1.74
NTP018,NTP,5,2153,90,2063,3.0305041315463392,14.689792203326897,5.74,7.23,0.7462000000000001,0.9399000000000001,1.3853,2.2831,1.65464,1.74
NTP019,NTP,2,2163,764,1399,2.998664602727829,21.434343121714292,1.82,4.77,0.1638,0.42929999999999996,0.1638,0.42929999999999996,0.24345,0.26
NTP020,NTP,2,395,16,379,8.207278353320621,216.55088003484488,9.5,9.5,0.855,0.855,2.09,2.09,2.09,2.2
NTP020,NTP,5,395,16,379,0.86,22.691292875989443,9.5,9.5,1.235,1.235,2.09,2.09,2.09,2.2
NTP021,NTP,1,4351,270,4081,0.0,0.0,0.5,0.5,0.135,0.135,1.6045,2.5539,1.8893199999999999,1.99
NTP021,NTP,2,4351,270,4081,23.882041214313126,58.52007158616301,4.62,9.5,0.4158,0.855,1.6045,2.5539,1.8893199999999999,1.99
NTP021,NTP,3,4351,270,4081,1.363216418714667,3.3403979875390024,3.31,3.1,0.36410000000000003,0.341,1.6045,2.5539,1.8893199999999999,1.99
NTP021,NTP,4,4351,270,4081,2.5171828898519326,6.168054128527157,0.5,3.25,0.075,0.4875,1.6045,2.5539,1.8893199999999999,1.99
NTP021,NTP,5,4351,270,4081,3.7098956703678594,9.090653443685026,2.78,3.85,0.3614,0.5005000000000001,1.6045,2.5539,1.8893199999999999,1.99
NTP021,NTP,6,4351,270,4081,0.5035714285714286,1.2339412608954388,8.44,7.83,0.2532,0.2349,1.6045,2.5539,1.8893199999999999,1.99
NTP022,NTP,2,986,46,940,13.405968295365625,142.61668399325134,9.5,9.5,0.855,0.855,1.0084,1.1189,1.04155,1.1
NTP022,NTP,5,986,46,940,0.5722916666666666,6.088209219858156,1.18,2.03,0.1534,0.26389999999999997,1.0084,1.1189,1.04155,1.1
NTP023,NTP,1,4978,258,4720,0.505,1.0699152542372883,0.5,0.5,0.135,0.135,1.633,2.5304,1.90222,2.0
NTP023,NTP,2,4978,258,4720,11.932902034871686,25.281572107779,2.11,5.73,0.18989999999999999,0.5157,1.633,2.5304,1.90222,2.0
NTP023,NTP,3,4978,258,4720,2.0621145447240057,4.368886747296623,5.13,4.63,0.5643,0.5093,1.633,2.5304,1.90222,2.0
NTP023,NTP,4,4978,258,4720,3.708650766664197,7.8573109463224515,1.34,4.65,0.201,0.6975,1.633,2.5304,1.90222,2.0
NTP023,NTP,5,4978,258,4720,4.447446825722839,9.422556834158557,2.95,4.05,0.38350000000000006,0.5265,1.633,2.5304,1.90222,2.0
NTP023,NTP,6,4978,258,4720,0.38047619047619047,0.8060936238902341,5.31,4.88,0.15929999999999997,0.1464,1.633,2.5304,1.90222,2.0
NTP024,NTP,2,746,56,690,5.102686239514901,73.9519744857232,5.79,9.5,0.5211,0.855,0.5211,0.855,0.62127,0.65
NTP025,NTP,2,766,68,698,3.8595906345789515,55.294994764741425,4.38,9.5,0.3942,0.855,0.3942,0.855,0.53244,0.56
NTP026,NTP,2,968,68,900,14.804442095876647,164.49380106529608,9.5,9.5,0.855,0.855,2.09,2.09,2.09,2.2
NTP026,NTP,5,968,68,900,3.8632323343398536,42.92480371488726,9.5,9.5,1.235,1.235,2.09,2.09,2.09,2.2
NTP027,NTP,1,1616,86,1530,0.4464285714285715,2.917833800186742,4.59,2.53,1.2393,0.6831,4.5606,4.1981,4.45185,4.69
NTP027,NTP,2,1616,86,1530,17.756224117366155,116.05375240108599,8.98,9.5,0.8082,0.855,4.5606,4.1981,4.45185,4.69
NTP027,NTP,4,1616,86,1530,2.3735119047619047,15.513149704326175,9.5,9.5,1.425,1.425,4.5606,4.1981,4.45185,4.69
NTP027,NTP,5,1616,86,1530,3.003975027564991,19.633823709575104,8.37,9.5,1.0880999999999998,1.235,4.5606,4.1981,4.45185,4.69
NTP028,NTP,2,1654,70,1584,15.394874882551505,97.18986668277465,7.55,9.5,0.6795,0.855,0.6795,0.855,0.73215,0.77
NTP029,NTP,2,1038,78,960,11.331194191617694,118.03327282935098,9.13,9.5,0.8217,0.855,0.8966999999999999,0.9299999999999999,0.90669,0.95
NTP029,NTP,4,1038,78,960,0.0,0.0,0.5,0.5,0.075,0.075,0.8966999999999999,0.9299999999999999,0.90669,0.95
TCH001,TCH,1,2749,182,2567,0.5609226190476191,2.1851290184948153,1.15,1.39,0.3105,0.3753,0.998,0.9957,0.9973099999999999,1.05
TCH001,TCH,2,2749,182,2567,0.60375,2.351967276977016,0.5,0.5,0.045,0.045,0.998,0.9957,0.9973099999999999,1.05
TCH001,TCH,3,2749,182,2567,1.123189948436405,4.375496487870686,5.25,4.64,0.5775,0.5104,0.998,0.9957,0.9973099999999999,1.05
TCH001,TCH,5,2749,182,2567,0.44571428571428573,1.7363236685402639,0.5,0.5,0.065,0.065,0.998,0.9957,0.9973099999999999,1.05
TCH002,TCH,1,9645,521,9124,4.904710653475187,5.375614482107833,5.47,6.37,1.4769,1.7199000000000002,4.7826,4.1866,4.6038,4.85
TCH002,TCH,2,9645,521,9124,5.089367666742336,5.578000511554511,1.06,0.82,0.0954,0.07379999999999999,4.7826,4.1866,4.6038,4.85
TCH002,TCH,3,9645,521,9124,8.10067942080018,8.878429878123827,9.5,9.5,1.045,1.045,4.7826,4.1866,4.6038,4.85
TCH002,TCH,4,9645,521,9124,8.187418854036592,8.973497209597317,7.97,5.58,1.1955,0.837,4.7826,4.1866,4.6038,4.85
TCH002,TCH,5,9645,521,9124,8.415280273851803,9.22323572320452,7.46,3.93,0.9698,0.5109,4.7826,4.1866,4.6038,4.85
TCH003,TCH,1,17060,898,16162,7.24136491720342,4.480488130926506,4.26,4.97,1.1502000000000001,1.3419,3.4704,3.2355,3.39993,3.58
TCH003,TCH,2,17060,898,16162,7.91430575042926,4.896860382644016,0.84,0.65,0.0756,0.058499999999999996,3.4704,3.2355,3.39993,3.58
TCH003,TCH,3,17060,898,16162,8.993470262087115,5.564577565949211,6.86,6.41,0.7546,0.7051000000000001,3.4704,3.2355,3.39993,3.58
TCH003,TCH,4,17060,898,16162,17.467147603427886,10.807540900524616,9.5,7.1,1.425,1.065,3.4704,3.2355,3.39993,3.58
TCH003,TCH,5,17060,898,16162,4.351960019282231,2.692711310037267,0.5,0.5,0.065,0.065,3.4704,3.2355,3.39993,3.58
TCH004,TCH,1,16574,740,15834,16.75033536940429,10.57871376114961,9.5,9.5,2.5650000000000004,2.5650000000000004,7.3738,5.675700000000001,6.864369999999999,7.23
TCH004,TCH,2,16574,740,15834,21.309338530777936,13.4579629473146,3.54,2.78,0.3186,0.2502,7.3738,5.675700000000001,6.864369999999999,7.23
TCH004,TCH,3,16574,740,15834,13.853406282478982,8.74915137203422,9.5,9.5,1.045,1.045,7.3738,5.675700000000001,6.864369999999999,7.23
TCH004,TCH,4,16574,740,15834,12.984328889231437,8.200283497051558,6.92,4.94,1.038,0.741,7.3738,5.675700000000001,6.864369999999999,7.23
TCH004,TCH,5,16574,740,15834,7.157386732337342,4.520264451394052,2.44,1.09,0.3172,0.14170000000000002,7.3738,5.675700000000001,6.864369999999999,7.23
TCH004,TCH,7,16574,740,15834,0.76,0.47997979032461796,9.5,4.24,2.09,0.9328000000000001,7.3738,5.675700000000001,6.864369999999999,7.23
TCH005,TCH,1,20861,1161,19700,18.627894844426848,9.455784184988248,9.5,9.5,2.5650000000000004,2.5650000000000004,5.299200000000001,4.5727,5.081250000000001,5.35
TCH005,TCH,2,20861,1161,19700,14.604540535842329,7.413472353219456,1.63,1.28,0.1467,0.1152,5.299200000000001,4.5727,5.081250000000001,5.35
TCH005,TCH,3,20861,1161,19700,11.421317035328748,5.797622860572969,7.17,6.76,0.7887,0.7435999999999999,5.299200000000001,4.5727,5.081250000000001,5.35
TCH005,TCH,4,20861,1161,19700,19.68431064964094,9.992035862761897,9.34,6.42,1.401,0.963,5.299200000000001,4.5727,5.081250000000001,5.35
TCH005,TCH,5,20861,1161,19700,10.034820253404328,5.093817387514887,3.06,1.43,0.39780000000000004,0.1859,5.299200000000001,4.5727,5.081250000000001,5.35
TCH006,TCH,1,31352,1343,30009,14.262432380078069,4.75271831119933,4.63,5.4,1.2501,1.4580000000000002,3.9408000000000003,3.394,3.7767600000000003,3.98
TCH006,TCH,2,31352,1343,30009,24.83414271399123,8.275564901859852,1.91,1.49,0.1719,0.1341,3.9408000000000003,3.394,3.7767600000000003,3.98
TCH006,TCH,3,31352,1343,30009,15.983570807897355,5.3262590582483105,6.54,6.06,0.7194,0.6666,3.9408000000000003,3.394,3.7767600000000003,3.98
TCH006,TCH,4,31352,1343,30009,25.150307504806005,8.380921558467794,7.16,5.09,1.074,0.7635,3.9408000000000003,3.394,3.7767600000000003,3.98
TCH006,TCH,5,31352,1343,30009,22.377769424765297,7.457019369111032,5.58,2.86,0.7254,0.3718,3.9408000000000003,3.394,3.7767600000000003,3.98
TCH007,TCH,1,24026,1614,22412,19.268810119901737,8.597541549126243,9.5,9.5,2.5650000000000004,2.5650000000000004,6.9598,5.5087,6.52447,6.87
TCH007,TCH,2,24026,1614,22412,14.791224475980986,6.599689664456981,1.38,1.07,0.12419999999999999,0.0963,6.9598,5.5087,6.52447,6.87
TCH007,TCH,3,24026,1614,22412,16.863576217214035,7.524351337325555,9.5,9.33,1.045,1.0263,6.9598,5.5087,6.52447,6.87
TCH007,TCH,4,24026,1614,22412,22.409851163225586,9.999041211505258,9.35,6.43,1.4024999999999999,0.9644999999999999,6.9598,5.5087,6.52447,6.87
TCH007,TCH,5,24026,1614,22412,16.873408050946782,7.5287381987090765,5.65,2.9,0.7345,0.377,6.9598,5.5087,6.52447,6.87
TCH007,TCH,6,24026,1614,22412,0.43440476190476185,0.19382686146027212,0.5,0.66,0.015,0.0198,6.9598,5.5087,6.52447,6.87
TCH007,TCH,7,24026,1614,22412,0.7999999999999999,0.3569516330537212,4.88,2.09,1.0735999999999999,0.4598,6.9598,5.5087,6.52447,6.87
TCH008,TCH,1,42533,2254,40279,24.62228557716918,6.112933681861312,6.47,7.52,1.7469000000000001,2.0304,6.1865,4.9145,5.8049,6.11
TCH008,TCH,2,42533,2254,40279,33.939429740050976,8.42608548872886,1.95,1.53,0.1755,0.1377,6.1865,4.9145,5.8049,6.11
TCH008,TCH,3,42533,2254,40279,27.54166744470959,6.837723738104121,8.57,8.31,0.9427,0.9141,6.1865,4.9145,5.8049,6.11
TCH008,TCH,4,42533,2254,40279,40.27317722150721,9.998554388516897,9.35,6.43,1.4024999999999999,0.9644999999999999,6.1865,4.9145,5.8049,6.11
TCH008,TCH,5,42533,2254,40279,29.64417260120548,7.359709178779384,5.47,2.8,0.7111,0.364,6.1865,4.9145,5.8049,6.11
TCH008,TCH,7,42533,2254,40279,1.485410830153878,0.36878046380344054,5.49,2.29,1.2078,0.5038,6.1865,4.9145,5.8049,6.11
TCH009,TCH,1,18237,842,17395,7.405701853210129,4.257373873647674,3.96,4.63,1.0692000000000002,1.2501,4.3726,3.4242,4.08808,4.3
TCH009,TCH,2,18237,842,17395,34.176968579520214,19.647581822086927,5.49,4.33,0.4941,0.3897,4.3726,3.4242,4.08808,4.3
TCH009,TCH,3,18237,842,17395,4.6977296401603414,2.700620661201691,3.0,2.14,0.33,0.23540000000000003,4.3726,3.4242,4.08808,4.3
TCH009,TCH,4,18237,842,17395,17.767414425105436,10.214092799715687,9.5,6.6,1.425,0.9899999999999999,4.3726,3.4242,4.08808,4.3
TCH009,TCH,5,18237,842,17395,17.102322669472315,9.831746288860199,8.11,4.3,1.0543,0.5589999999999999,4.3726,3.4242,4.08808,4.3
TCH010,TCH,1,8388,560,7828,0.9535778326116646,1.2181627907660508,0.5,0.5,0.135,0.135,1.4596,1.0356,1.3324,1.4
TCH010,TCH,2,8388,560,7828,7.5523964323438895,9.647925948318713,2.34,1.83,0.21059999999999998,0.1647,1.4596,1.0356,1.3324,1.4
TCH010,TCH,3,8388,560,7828,0.5,0.6387327542156361,0.5,0.5,0.055,0.055,1.4596,1.0356,1.3324,1.4
TCH010,TCH,4,8388,560,7828,3.6437690500199365,4.654789282089852,2.12,2.0,0.318,0.3,1.4596,1.0356,1.3324,1.4
TCH010,TCH,5,8388,560,7828,5.92607406098802,7.570355213321435,5.7,2.93,0.7410000000000001,0.3809,1.4596,1.0356,1.3324,1.4
TCH011,TCH,1,8381,508,7873,3.1942277804797445,4.057192659062294,3.69,4.31,0.9963000000000001,1.1637,4.210100000000001,3.7786,4.08065,4.3
TCH011,TCH,2,8381,508,7873,17.0271866939837,21.627317025255557,6.11,4.82,0.5499,0.4338,4.210100000000001,3.7786,4.08065,4.3
TCH011,TCH,3,8381,508,7873,1.3958333333333335,1.772937042211779,1.74,0.76,0.1914,0.08360000000000001,4.210100000000001,3.7786,4.08065,4.3
TCH011,TCH,4,8381,508,7873,7.230900637389223,9.184428600773813,8.25,5.75,1.2375,0.8624999999999999,4.210100000000001,3.7786,4.08065,4.3
TCH011,TCH,5,8381,508,7873,20.27345382614489,25.75060818766022,9.5,9.5,1.235,1.235,4.210100000000001,3.7786,4.08065,4.3
TCH012,TCH,1,10358,402,9956,1.8801999037889159,1.8885093449065045,0.75,0.92,0.2025,0.24840000000000004,3.3198000000000003,2.5113000000000003,3.0772500000000003,3.24
TCH012,TCH,2,10358,402,9956,18.402269268792544,18.48359709601501,5.12,4.04,0.4608,0.3636,3.3198000000000003,2.5113000000000003,3.0772500000000003,3.24
TCH012,TCH,3,10358,402,9956,4.0103695169264215,4.02809312668383,4.79,4.12,0.5269,0.4532,3.3198000000000003,2.5113000000000003,3.0772500000000003,3.24
TCH012,TCH,4,10358,402,9956,10.934227268533423,10.98255049069247,9.5,7.24,1.425,1.086,3.3198000000000003,2.5113000000000003,3.0772500000000003,3.24
TCH012,TCH,5,10358,402,9956,7.278429850854119,7.31059647534564,5.42,2.77,0.7046,0.36010000000000003,3.3198000000000003,2.5113000000000003,3.0772500000000003,3.24
TCH013,TCH,1,12992,678,12314,2.6695363583310785,2.167887248928925,1.13,1.36,0.3051,0.3672,3.2789,2.2609,2.9735,3.13
TCH013,TCH,2,12992,678,12314,19.622349804340047,15.934992532353457,4.32,3.4,0.38880000000000003,0.306,3.2789,2.2609,2.9735,3.13
TCH013,TCH,3,12992,678,12314,2.6042515900193326,2.114870545736018,2.21,1.27,0.2431,0.1397,3.2789,2.2609,2.9735,3.13
TCH013,TCH,4,12992,678,12314,11.04937866418104,8.973021491132888,7.96,5.58,1.194,0.837,3.2789,2.2609,2.9735,3.13
TCH013,TCH,5,12992,678,12314,12.935563497875824,10.504761651677622,8.83,4.7,1.1479000000000001,0.6110000000000001,3.2789,2.2609,2.9735,3.13
TCH014,TCH,2,6508,233,6275,24.623502333318292,39.24064116863473,9.5,9.21,0.855,0.8289000000000001,2.1242,1.6312,1.9763,2.08
TCH014,TCH,3,6508,233,6275,0.6875,1.0956175298804782,0.83,0.5,0.09129999999999999,0.055,2.1242,1.6312,1.9763,2.08
TCH014,TCH,4,6508,233,6275,2.8757020544260143,4.582792118607195,2.02,1.94,0.303,0.291,2.1242,1.6312,1.9763,2.08
TCH014,TCH,5,6508,233,6275,5.354373049169409,8.532865417003043,6.73,3.51,0.8749000000000001,0.4563,2.1242,1.6312,1.9763,2.08
TCH015,TCH,1,7382,548,6834,1.1667430738840756,1.7072623264326539,0.5,0.64,0.135,0.1728,3.6305,2.516,3.29615,3.47
TCH015,TCH,2,7382,548,6834,24.381564694542764,35.67685790831543,9.5,8.33,0.855,0.7497,3.6305,2.516,3.29615,3.47
TCH015,TCH,4,7382,548,6834,5.882499801361519,8.607696519405208,7.47,5.27,1.1204999999999998,0.7904999999999999,3.6305,2.516,3.29615,3.47
TCH015,TCH,5,7382,548,6834,7.7467238339208295,11.335563116653248,9.5,5.21,1.235,0.6773,3.6305,2.516,3.29615,3.47
TCH015,TCH,6,7382,548,6834,0.4819047619047619,0.705157684964533,9.5,4.19,0.285,0.1257,3.6305,2.516,3.29615,3.47
TCH016,TCH,1,7646,302,7344,0.6077166725968097,0.8275009158453291,0.5,0.5,0.135,0.135,1.0059,0.7487,0.9287399999999999,0.98
TCH016,TCH,2,7646,302,7344,3.8924998380796727,5.300244877559467,0.97,0.75,0.08729999999999999,0.0675,1.0059,0.7487,0.9287399999999999,0.98
TCH016,TCH,3,7646,302,7344,0.6085714285714284,0.8286647992530343,0.5,0.5,0.055,0.055,1.0059,0.7487,0.9287399999999999,0.98
TCH016,TCH,4,7646,302,7344,3.1322958086185677,4.265108671866241,1.59,1.68,0.2385,0.252,1.0059,0.7487,0.9287399999999999,0.98
TCH016,TCH,5,7646,302,7344,4.232019084312506,5.762553219379773,3.77,1.84,0.49010000000000004,0.23920000000000002,1.0059,0.7487,0.9287399999999999,0.98
TCH017,TCH,1,13632,695,12937,2.4990047810117626,1.9316725523782659,0.81,0.99,0.21870000000000003,0.26730000000000004,1.311,1.0195,1.22355,1.29
TCH017,TCH,2,13632,695,12937,5.100374981606134,3.9424711923986497,0.54,0.5,0.048600000000000004,0.045,1.311,1.0195,1.22355,1.29
TCH017,TCH,3,13632,695,12937,1.1000133030118922,0.8502846896590338,0.5,0.5,0.055,0.055,1.311,1.0195,1.22355,1.29
TCH017,TCH,4,13632,695,12937,7.328742692124405,5.6649475860898235,3.48,2.84,0.522,0.426,1.311,1.0195,1.22355,1.29
TCH017,TCH,5,13632,695,12937,7.243348309338772,5.598939715033447,3.59,1.74,0.4667,0.2262,1.311,1.0195,1.22355,1.29
TCH018,TCH,1,13669,596,13073,2.433448602222158,1.861430889789764,0.71,0.88,0.1917,0.2376,1.4688999999999999,1.0348,1.3386699999999998,1.41
TCH018,TCH,2,13669,596,13073,6.037515394693712,4.61830902982767,0.75,0.58,0.0675,0.052199999999999996,1.4688999999999999,1.0348,1.3386699999999998,1.41
TCH018,TCH,3,13669,596,13073,2.0357142857142856,1.557189846029439,1.45,0.5,0.1595,0.055,1.4688999999999999,1.0348,1.3386699999999998,1.41
TCH018,TCH,4,13669,596,13073,7.928029970407482,6.0644304829859115,4.02,3.17,0.6029999999999999,0.4755,1.4688999999999999,1.0348,1.3386699999999998,1.41
TCH018,TCH,5,13669,596,13073,7.133430447581537,5.456613208583751,3.44,1.65,0.4472,0.2145,1.4688999999999999,1.0348,1.3386699999999998,1.41
TCH019,TCH,2,4440,304,4136,13.126353086367365,31.736830479611616,9.29,7.34,0.8360999999999998,0.6606,1.0930999999999997,0.8006,1.0053499999999997,1.06
TCH019,TCH,4,4440,304,4136,0.7083333333333334,1.7126047711154093,0.5,0.5,0.075,0.075,1.0930999999999997,0.8006,1.0053499999999997,1.06
TCH019,TCH,5,4440,304,4136,1.4642857142857144,3.540342636087317,1.4,0.5,0.182,0.065,1.0930999999999997,0.8006,1.0053499999999997,1.06
TCH020,TCH,2,2382,120,2262,1.6458249246765742,7.2759722576329535,1.59,1.24,0.1431,0.11159999999999999,0.8954,0.5310999999999999,0.7861099999999999,0.83
TCH020,TCH,4,2382,120,2262,0.0,0.0,0.5,0.5,0.075,0.075,0.8954,0.5310999999999999,0.7861099999999999,0.83
TCH020,TCH,5,2382,120,2262,1.609169945307083,7.113925487652886,5.21,2.65,0.6773,0.3445,0.8954,0.5310999999999999,0.7861099999999999,0.83
TCH021,TCH,2,3553,240,3313,2.3058415074786827,6.9599804028937,1.49,1.16,0.1341,0.10439999999999999,1.5621,0.9888999999999999,1.39014,1.46
TCH021,TCH,4,3553,240,3313,1.34987746204461,4.074486755341413,1.33,1.52,0.1995,0.22799999999999998,1.5621,0.9888999999999999,1.39014,1.46
TCH021,TCH,5,3553,240,3313,3.6717602481917218,11.082886351318207,9.45,5.05,1.2285,0.6565,1.5621,0.9888999999999999,1.39014,1.46
TCH022,TCH,2,1891,86,1805,0.5950000000000001,3.2963988919667595,0.5,0.5,0.045,0.045,0.11,0.11,0.11,0.12
TCH022,TCH,5,1891,86,1805,0.48744047619047626,2.7005012531328325,0.5,0.5,0.065,0.065,0.11,0.11,0.11,0.12
TCH023,TCH,1,9794,290,9504,2.805599833032769,2.9520200263391927,2.19,2.59,0.5913,0.6993,2.8626,2.2292,2.67258,2.81
TCH023,TCH,2,9794,290,9504,6.790128139069077,7.14449509582184,1.55,1.21,0.13949999999999999,0.1089,2.8626,2.2292,2.67258,2.81
TCH023,TCH,3,9794,290,9504,3.23785210172567,3.4068309151153935,3.95,3.2,0.4345,0.35200000000000004,2.8626,2.2292,2.67258,2.81
TCH023,TCH,4,9794,290,9504,7.069497780093419,7.438444633936679,5.89,4.31,0.8835,0.6465,2.8626,2.2292,2.67258,2.81
TCH023,TCH,5,9794,290,9504,7.6911703681355075,8.092561414283994,6.26,3.25,0.8138,0.4225,2.8626,2.2292,2.67258,2.81
TCH024,TCH,2,6338,446,5892,2.3552431777292897,3.9973577354536487,0.56,0.5,0.0504,0.045,1.6141,1.0377,1.44118,1.52
TCH024,TCH,4,6338,446,5892,4.306841353940603,7.309642488018675,5.71,4.2,0.8564999999999999,0.63,1.6141,1.0377,1.44118,1.52
TCH024,TCH,5,6338,446,5892,4.319898580081562,7.331803428515889,5.44,2.79,0.7072,0.3627,1.6141,1.0377,1.44118,1.52
TCH025,TCH,1,9451,436,9015,1.5380485471069871,1.7060993312334856,0.5,0.64,0.135,0.1728,0.8524,0.6163000000000001,0.78157,0.82
TCH025,TCH,2,9451,436,9015,8.13816999015146,9.027365491016596,2.14,1.68,0.1926,0.1512,0.8524,0.6163000000000001,0.78157,0.82
TCH025,TCH,4,9451,436,9015,2.568858991399872,2.849538537326536,0.5,0.51,0.075,0.0765,0.8524,0.6163000000000001,0.78157,0.82
TCH025,TCH,5,9451,436,9015,4.933494577955741,5.472539742602042,3.46,1.66,0.44980000000000003,0.2158,0.8524,0.6163000000000001,0.78157,0.82
TCH026,TCH,1,8160,522,7638,2.145568380628946,2.809070935623129,1.99,2.36,0.5373,0.6372,2.7748,2.325,2.6398599999999997,2.78
TCH026,TCH,2,8160,522,7638,14.308951992715786,18.73389891688372,5.2,4.1,0.46799999999999997,0.36899999999999994,2.7748,2.325,2.6398599999999997,2.78
TCH026,TCH,3,8160,522,7638,1.782343794217548,2.3335215949431105,2.5,1.6,0.275,0.17600000000000002,2.7748,2.325,2.6398599999999997,2.78
TCH026,TCH,4,8160,522,7638,3.336416394964333,4.368180668976608,1.73,1.76,0.2595,0.264,2.7748,2.325,2.6398599999999997,2.78
TCH026,TCH,5,8160,522,7638,10.620067880606912,13.90425226578543,9.5,6.76,1.235,0.8788,2.7748,2.325,2.6398599999999997,2.78
TCH027,TCH,1,30732,2261,28471,8.275709506795582,2.906715432122364,2.13,2.52,0.5751000000000001,0.6804,1.5453000000000001,1.4581,1.51914,1.6
TCH027,TCH,2,30732,2261,28471,6.002495567169317,2.108284067004783,0.5,0.5,0.045,0.045,1.5453000000000001,1.4581,1.51914,1.6
TCH027,TCH,3,30732,2261,28471,7.7481931022550246,2.7214334242755873,3.02,2.17,0.3322,0.2387,1.5453000000000001,1.4581,1.51914,1.6
TCH027,TCH,4,30732,2261,28471,16.204057288232484,5.6914254112017435,3.52,2.86,0.528,0.429,1.5453000000000001,1.4581,1.51914,1.6
TCH027,TCH,5,30732,2261,28471,7.07971687397876,2.4866414505913945,0.5,0.5,0.065,0.065,1.5453000000000001,1.4581,1.51914,1.6
TCH028,TCH,1,26731,1268,25463,13.269577631875999,5.211317453511369,5.25,6.12,1.4175,1.6524,3.9436,3.5245,3.8178699999999997,4.02
TCH028,TCH,2,26731,1268,25463,17.02938463839681,6.687894057415391,1.41,1.1,0.12689999999999999,0.099,3.9436,3.5245,3.8178699999999997,4.02
TCH028,TCH,3,26731,1268,25463,13.43355212295667,5.275714614521726,6.47,5.98,0.7117,0.6578,3.9436,3.5245,3.8178699999999997,4.02
TCH028,TCH,4,26731,1268,25463,20.14755626758396,7.912483316020877,6.53,4.7,0.9795,0.705,3.9436,3.5245,3.8178699999999997,4.02
TCH028,TCH,5,26731,1268,25463,16.65880994491554,6.542359480389404,4.6,2.31,0.598,0.3003,3.9436,3.5245,3.8178699999999997,4.02
TCH028,TCH,7,26731,1268,25463,0.6000000000000001,0.23563602089306054,0.5,0.5,0.11,0.11,3.9436,3.5245,3.8178699999999997,4.02
TCH029,TCH,2,4606,350,4256,14.893355135307036,34.99378556228157,9.5,8.16,0.855,0.7343999999999999,1.6038000000000001,1.1205,1.45881,1.54
TCH029,TCH,5,4606,350,4256,3.247855673053667,7.631239833302789,5.76,2.97,0.7488,0.38610000000000005,1.6038000000000001,1.1205,1.45881,1.54
TNA001,TNA,1,7278,410,6868,5.368740705940109,7.817036554950654,9.5,9.5,2.5650000000000004,2.5650000000000004,6.804900000000001,6.988600000000001,6.860010000000001,7.22
TNA001,TNA,2,7278,410,6868,31.45614328055084,45.80102399614275,9.5,9.5,0.855,0.855,6.804900000000001,6.988600000000001,6.860010000000001,7.22
TNA001,TNA,3,7278,410,6868,4.6723221798950325,6.803031712136041,6.59,8.26,0.7249,0.9086,6.804900000000001,6.988600000000001,6.860010000000001,7.22
TNA001,TNA,4,7278,410,6868,16.238628157722733,23.643896560458263,9.5,9.5,1.425,1.425,6.804900000000001,6.988600000000001,6.860010000000001,7.22
TNA001,TNA,5,7278,410,6868,19.57915990191,28.507804167020968,9.5,9.5,1.235,1.235,6.804900000000001,6.988600000000001,6.860010000000001,7.22
TNA002,TNA,1,2748,258,2490,1.3058342480508096,5.2443142492000385,5.6,6.17,1.512,1.6659000000000002,4.7813,5.4085,4.96946,5.23
TNA002,TNA,2,2748,258,2490,3.4140954559131402,13.711226730574861,2.73,2.85,0.2457,0.2565,4.7813,5.4085,4.96946,5.23
TNA002,TNA,3,2748,258,2490,1.5685714285714285,6.299483648881239,5.87,7.51,0.6457,0.8261,4.7813,5.4085,4.96946,5.23
TNA002,TNA,4,2748,258,2490,5.467199346993923,21.95662388350973,9.5,9.5,1.425,1.425,4.7813,5.4085,4.96946,5.23
TNA002,TNA,5,2748,258,2490,4.834744534107358,19.416644715290595,7.33,9.5,0.9529000000000001,1.235,4.7813,5.4085,4.96946,5.23
TNA003,TNA,1,3037,176,2861,1.1448963389437357,4.001734844263319,3.66,4.23,0.9882000000000001,1.1421000000000001,3.4091,4.2442,3.65963,3.85
TNA003,TNA,2,3037,176,2861,16.634598808932825,58.14260331678722,9.5,9.5,0.855,0.855,3.4091,4.2442,3.65963,3.85
TNA003,TNA,3,3037,176,2861,1.25,4.369101712687871,3.11,4.63,0.3421,0.5093,3.4091,4.2442,3.65963,3.85
TNA003,TNA,4,3037,176,2861,2.2753216969193133,7.952889538340836,3.34,4.73,0.501,0.7095,3.4091,4.2442,3.65963,3.85
TNA003,TNA,5,3037,176,2861,4.5201519785985464,15.799203001043503,5.56,7.91,0.7228,1.0283,3.4091,4.2442,3.65963,3.85
TNA004,TNA,1,1988,136,1852,0.0,0.0,0.5,0.5,0.135,0.135,0.6561,0.6615,0.65772,0.69
TNA004,TNA,2,1988,136,1852,4.7673380326371735,25.74156605095666,5.79,5.85,0.5211,0.5265,0.6561,0.6615,0.65772,0.69
TNA005,TNA,1,2631,110,2521,0.6650000000000001,2.6378421261404212,1.53,2.1,0.4131,0.5670000000000001,0.8195,1.2770000000000001,0.95675,1.01
TNA005,TNA,2,2631,110,2521,1.1143592041451438,4.420306244129884,0.5,0.53,0.045,0.0477,0.8195,1.2770000000000001,0.95675,1.01
TNA005,TNA,3,2631,110,2521,0.5732142857142857,2.2737575791919307,0.5,1.51,0.055,0.1661,0.8195,1.2770000000000001,0.95675,1.01
TNA005,TNA,4,2631,110,2521,0.47000000000000003,1.8643395477984928,0.5,0.5,0.075,0.075,0.8195,1.2770000000000001,0.95675,1.01
TNA005,TNA,5,2631,110,2521,2.0368401787172576,8.07949297388837,1.78,3.24,0.23140000000000002,0.4212,0.8195,1.2770000000000001,0.95675,1.01
TNA006,TNA,2,2282,92,2190,6.289425905069648,28.718839749176475,6.54,6.59,0.5886,0.5931,0.6536,0.6580999999999999,0.6549499999999999,0.69
TNA006,TNA,5,2282,92,2190,0.45999999999999996,2.100456621004566,0.5,0.5,0.065,0.065,0.6536,0.6580999999999999,0.6549499999999999,0.69
TNA007,TNA,1,4965,216,4749,3.6504244735760687,7.686722412246934,9.42,9.5,2.5434,2.5650000000000004,5.9587,6.1547,6.0175,6.33
TNA007,TNA,2,4965,216,4749,9.869620520883783,20.782523733172845,4.53,4.61,0.4077,0.4149,5.9587,6.1547,6.0175,6.33
TNA007,TNA,3,4965,216,4749,2.0903738276729142,4.40171368219186,3.16,4.68,0.3476,0.5147999999999999,5.9587,6.1547,6.0175,6.33
TNA007,TNA,4,4965,216,4749,11.156682244888147,23.492697925643604,9.5,9.5,1.425,1.425,5.9587,6.1547,6.0175,6.33
TNA007,TNA,5,4965,216,4749,13.884711463276862,29.237126686201016,9.5,9.5,1.235,1.235,5.9587,6.1547,6.0175,6.33
TNA008,TNA,1,2381,222,2159,0.4828571428571429,2.236485145239198,0.9,1.47,0.24300000000000002,0.39690000000000003,0.6945,1.0616,0.80463,0.85
TNA008,TNA,2,2381,222,2159,0.45,2.0842982862436314,0.5,0.5,0.045,0.045,0.6945,1.0616,0.80463,0.85
TNA008,TNA,4,2381,222,2159,0.5682142857142857,2.6318401376298546,0.5,0.5,0.075,0.075,0.6945,1.0616,0.80463,0.85
TNA008,TNA,5,2381,222,2159,2.0838045873674935,9.651711845148187,2.55,4.19,0.33149999999999996,0.5447000000000001,0.6945,1.0616,0.80463,0.85
TNA009,TNA,1,1842,58,1784,0.5344642857142857,2.9958760409993594,2.09,2.65,0.5643,0.7155,2.0377,2.6051,2.20792,2.32
TNA009,TNA,2,1842,58,1784,1.0836828459281407,6.074455414395407,0.8,0.94,0.072,0.0846,2.0377,2.6051,2.20792,2.32
TNA009,TNA,4,1842,58,1784,1.2177017610576937,6.825682517139539,2.73,3.8,0.4095,0.57,2.0377,2.6051,2.20792,2.32
TNA009,TNA,5,1842,58,1784,3.574954522130982,20.038982747370977,7.63,9.5,0.9919,1.235,2.0377,2.6051,2.20792,2.32
TNA010,TNA,1,2229,110,2119,1.7529761904761905,8.272657812535114,9.5,9.5,2.5650000000000004,2.5650000000000004,4.126600000000001,4.7435,4.31167,4.54
TNA010,TNA,2,2229,110,2119,4.679760369144507,22.084758702899986,4.86,4.94,0.4374,0.4446,4.126600000000001,4.7435,4.31167,4.54
TNA010,TNA,3,2229,110,2119,1.0080743627288329,4.757311763703789,3.67,5.21,0.4037,0.5731,4.126600000000001,4.7435,4.31167,4.54
TNA010,TNA,4,2229,110,2119,2.0856572060471557,9.842648447603377,4.37,6.3,0.6555,0.945,4.126600000000001,4.7435,4.31167,4.54
TNA010,TNA,5,2229,110,2119,1.1579177129497273,5.46445357692179,0.5,1.66,0.065,0.2158,4.126600000000001,4.7435,4.31167,4.54
TNA011,TNA,2,1320,56,1264,1.5591330801719256,12.334913608955107,2.38,2.5,0.21419999999999997,0.22499999999999998,0.38449999999999995,0.5708,0.44038999999999995,0.46
TNA011,TNA,5,1320,56,1264,0.9,7.120253164556962,1.31,2.66,0.1703,0.34580000000000005,0.38449999999999995,0.5708,0.44038999999999995,0.46
TNA012,TNA,1,7002,496,6506,2.8563532457485032,4.3903369900837745,4.27,4.83,1.1529,1.3041,3.5854999999999997,4.5207,3.8660599999999996,4.07
TNA012,TNA,2,7002,496,6506,8.737151313987857,13.42937490622173,2.66,2.78,0.2394,0.2502,3.5854999999999997,4.5207,3.8660599999999996,4.07
TNA012,TNA,3,7002,496,6506,2.194192904971263,3.3725682523382465,1.69,3.14,0.18589999999999998,0.34540000000000004,3.5854999999999997,4.5207,3.8660599999999996,4.07
TNA012,TNA,4,7002,496,6506,8.713681978016592,13.393301533994148,6.31,9.24,0.9464999999999999,1.386,3.5854999999999997,4.5207,3.8660599999999996,4.07
TNA012,TNA,5,7002,496,6506,13.741887674903031,21.121868544271493,8.16,9.5,1.0608,1.235,3.5854999999999997,4.5207,3.8660599999999996,4.07
TNA013,TNA,1,3970,278,3692,0.5286120207869593,1.431776871037268,0.5,0.5,0.135,0.135,2.876,2.9813,2.90759,3.06
TNA013,TNA,2,3970,278,3692,3.9182469278290966,10.612803163134066,1.95,2.07,0.1755,0.18629999999999997,2.876,2.9813,2.90759,3.06
TNA013,TNA,4,3970,278,3692,6.680449169024449,18.094391032027218,8.87,9.5,1.3304999999999998,1.425,2.876,2.9813,2.90759,3.06
TNA013,TNA,5,3970,278,3692,8.805631647643597,23.850573260139758,9.5,9.5,1.235,1.235,2.876,2.9813,2.90759,3.06
TNA014,TNA,1,3569,346,3223,0.6771428571428569,2.1009707016532952,0.69,1.26,0.1863,0.3402,0.7386,1.1413,0.85941,0.9
TNA014,TNA,2,3569,346,3223,1.6848735784615665,5.227656154084911,0.58,0.73,0.052199999999999996,0.0657,0.7386,1.1413,0.85941,0.9
TNA014,TNA,4,3569,346,3223,0.6562500000000002,2.036146447409247,0.5,0.5,0.075,0.075,0.7386,1.1413,0.85941,0.9
TNA014,TNA,5,3569,346,3223,3.5856437814896966,11.125174624541412,3.27,5.08,0.42510000000000003,0.6604,0.7386,1.1413,0.85941,0.9
TNA015,TNA,2,1945,94,1851,5.1424006456296425,27.781743088220654,6.3,6.36,0.567,0.5724,1.3774,1.7821,1.4988099999999998,1.58
TNA015,TNA,4,1945,94,1851,1.337429314628757,7.225442002316354,2.95,4.13,0.4425,0.6194999999999999,1.3774,1.7821,1.4988099999999998,1.58
TNA015,TNA,5,1945,94,1851,1.8933358099541766,10.228718584301333,2.83,4.54,0.3679,0.5902000000000001,1.3774,1.7821,1.4988099999999998,1.58
TNA016,TNA,2,9288,198,9090,2.7570916532444407,3.033104128981783,0.5,0.5,0.045,0.045,2.1999999999999997,2.1999999999999997,2.1999999999999997,2.32
TNA016,TNA,5,9288,198,9090,1.0621814437755823,1.1685164397971202,0.5,0.5,0.065,0.065,2.1999999999999997,2.1999999999999997,2.1999999999999997,2.32
TNA016,TNA,7,9288,198,9090,0.76,0.8360836083608361,9.5,9.5,2.09,2.09,2.1999999999999997,2.1999999999999997,2.1999999999999997,2.32
TNA017,TNA,2,822,32,790,2.690330110706105,34.05481152792538,7.89,7.92,0.7101,0.7128,0.7101,0.7128,0.7109099999999999,0.75
TNA018,TNA,1,5196,244,4952,1.838384168071999,3.7124074476413553,3.21,3.77,0.8667,1.0179,2.6361,3.4314,2.8746899999999997,3.03
TNA018,TNA,2,5196,244,4952,10.266534868825088,20.73209787727199,4.51,4.6,0.4059,0.414,2.6361,3.4314,2.8746899999999997,3.03
TNA018,TNA,3,5196,244,4952,1.3407738095238095,2.70754000307716,0.74,2.15,0.0814,0.2365,2.6361,3.4314,2.8746899999999997,3.03
TNA018,TNA,4,5196,244,4952,3.2155966586076308,6.493531216897478,2.55,3.52,0.38249999999999995,0.528,2.6361,3.4314,2.8746899999999997,3.03
TNA018,TNA,5,5196,244,4952,9.19671612389576,18.57172076715622,6.92,9.5,0.8996000000000001,1.235,2.6361,3.4314,2.8746899999999997,3.03
TNA019,TNA,1,6277,264,6013,2.322143406545204,3.8618716223934872,3.44,4.01,0.9288000000000001,1.0827,3.3930000000000002,4.2127,3.63891,3.83
TNA019,TNA,2,6277,264,6013,19.343362204806223,32.169236994522244,7.42,7.45,0.6678,0.6705,3.3930000000000002,4.2127,3.63891,3.83
TNA019,TNA,3,6277,264,6013,2.1056638649386423,3.5018524279704684,1.88,3.34,0.20679999999999998,0.3674,3.3930000000000002,4.2127,3.63891,3.83
TNA019,TNA,4,6277,264,6013,7.374256228780526,12.263855361351283,5.69,8.3,0.8535,1.245,3.3930000000000002,4.2127,3.63891,3.83
TNA019,TNA,5,6277,264,6013,6.934462957786731,11.5324512851933,3.47,5.33,0.45110000000000006,0.6929000000000001,3.3930000000000002,4.2127,3.63891,3.83
TNA019,TNA,6,6277,264,6013,0.5067857142857143,0.842816754175477,9.5,5.14,0.285,0.15419999999999998,3.3930000000000002,4.2127,3.63891,3.83
TNA020,TNA,1,4105,202,3903,1.1805935420009646,3.0248361311836143,2.13,2.7,0.5751000000000001,0.7290000000000001,4.0868,4.6935,4.26881,4.49
TNA020,TNA,2,4105,202,3903,11.999872717450287,30.74525420817394,7.05,7.1,0.6345,0.6389999999999999,4.0868,4.6935,4.26881,4.49
TNA020,TNA,3,4105,202,3903,2.0762586365357816,5.3196480567147875,4.47,6.05,0.49169999999999997,0.6655,4.0868,4.6935,4.26881,4.49
TNA020,TNA,4,4105,202,3903,6.206130186612205,15.90092284553473,7.67,9.5,1.1504999999999999,1.425,4.0868,4.6935,4.26881,4.49
TNA020,TNA,5,4105,202,3903,9.343701759413873,23.939794413051175,9.5,9.5,1.235,1.235,4.0868,4.6935,4.26881,4.49
TNA021,TNA,2,3252,104,3148,0.5491071428571428,1.7443047740061715,0.5,0.5,0.045,0.045,0.11,0.1178,0.11234,0.12
TNA021,TNA,5,3252,104,3148,1.1481543712184763,3.6472502262340414,0.5,0.56,0.065,0.0728,0.11,0.1178,0.11234,0.12
TNA022,TNA,2,962,32,930,2.222060250329683,23.893120971286915,5.32,5.39,0.4788,0.4851,1.0798,1.4341,1.1860899999999999,1.25
TNA022,TNA,4,962,32,930,0.6607142857142857,7.104454685099847,2.88,4.03,0.432,0.6045,1.0798,1.4341,1.1860899999999999,1.25
TNA022,TNA,5,962,32,930,0.6607142857142857,7.104454685099847,1.3,2.65,0.169,0.3445,1.0798,1.4341,1.1860899999999999,1.25
TNA023,TNA,1,2588,88,2500,0.6212500000000001,2.4850000000000003,1.29,1.86,0.34830000000000005,0.5022000000000001,1.5459,1.9336,1.66221,1.75
TNA023,TNA,2,2588,88,2500,12.792434377302667,51.16973750921067,9.5,9.5,0.855,0.855,1.5459,1.9336,1.66221,1.75
TNA023,TNA,4,2588,88,2500,1.214715752112411,4.858863008449644,1.66,2.17,0.24899999999999997,0.32549999999999996,1.5459,1.9336,1.66221,1.75
TNA023,TNA,5,2588,88,2500,1.4808200354609928,5.923280141843971,0.72,1.93,0.0936,0.2509,1.5459,1.9336,1.66221,1.75
TNA024,TNA,2,1825,62,1763,6.56071496180344,37.213357695992286,8.7,8.71,0.7829999999999999,0.7839,0.8609999999999999,0.8589,0.8603699999999999,0.91
TNA024,TNA,4,1825,62,1763,0.49,2.779353374929098,0.52,0.5,0.078,0.075,0.8609999999999999,0.8589,0.8603699999999999,0.91
TNA025,TNA,2,1728,114,1614,1.192883524157652,7.390852070369593,1.13,1.27,0.10169999999999998,0.1143,0.10169999999999998,0.1143,0.10547999999999999,0.11
TNA026,TNA,1,730,28,702,0.660625,9.410612535612536,9.5,9.5,2.5650000000000004,2.5650000000000004,2.9124000000000003,2.9214,2.9151000000000002,3.07
TNA026,TNA,2,730,28,702,1.2751846906671305,18.165024083577357,3.86,3.96,0.3474,0.3564,2.9124000000000003,2.9214,2.9151000000000002,3.07
TNA027,TNA,1,8163,420,7743,1.7719785225757168,2.288490924158229,0.98,1.55,0.2646,0.41850000000000004,2.0051,2.8729,2.26544,2.38
TNA027,TNA,2,8163,420,7743,9.666235045529122,12.483837072877595,2.42,2.54,0.2178,0.2286,2.0051,2.8729,2.26544,2.38
TNA027,TNA,3,8163,420,7743,3.3175577054460614,4.284589571801707,2.99,4.5,0.3289,0.495,2.0051,2.8729,2.26544,2.38
TNA027,TNA,4,8163,420,7743,7.166059599413633,9.25488776884106,4.05,5.81,0.6074999999999999,0.8714999999999999,2.0051,2.8729,2.26544,2.38
TNA027,TNA,5,8163,420,7743,10.575822658348452,13.658559548428842,4.51,6.61,0.5863,0.8593000000000001,2.0051,2.8729,2.26544,2.38
TNA028,TNA,1,6942,308,6634,2.5691437608610865,3.8726918312648273,3.46,4.02,0.9342,1.0854,2.4077,3.1414999999999997,2.62784,2.77
TNA028,TNA,2,6942,308,6634,13.412696161621597,20.21811299611335,4.38,4.47,0.3942,0.40229999999999994,2.4077,3.1414999999999997,2.62784,2.77
TNA028,TNA,3,6942,308,6634,1.3620833333333335,2.053185609486484,0.5,1.18,0.055,0.1298,2.4077,3.1414999999999997,2.62784,2.77
TNA028,TNA,4,6942,308,6634,6.185083490576449,9.323309452180357,4.09,5.87,0.6134999999999999,0.8805,2.4077,3.1414999999999997,2.62784,2.77
TNA028,TNA,5,6942,308,6634,7.235180327436192,10.906210924685245,3.16,4.95,0.41080000000000005,0.6435000000000001,2.4077,3.1414999999999997,2.62784,2.77
TNA029,TNA,1,2914,132,2782,0.5,1.7972681524083394,0.5,0.78,0.135,0.2106,2.051,2.9953,2.3342899999999998,2.46
TNA029,TNA,2,2914,132,2782,3.473509840835182,12.485657228020065,2.42,2.54,0.2178,0.2286,2.051,2.9953,2.3342899999999998,2.46
TNA029,TNA,3,2914,132,2782,0.7145833333333333,2.568595734483585,0.54,1.95,0.0594,0.2145,2.051,2.9953,2.3342899999999998,2.46
TNA029,TNA,4,2914,132,2782,3.3130407806830657,11.90884536550347,5.5,8.01,0.825,1.2015,2.051,2.9953,2.3342899999999998,2.46
TNA029,TNA,5,2914,132,2782,4.7924044347912,17.226471728221423,6.26,8.77,0.8138,1.1401,2.051,2.9953,2.3342899999999998,2.46
TNA030,TNA,2,531,24,507,2.1120010470722943,41.656825386041305,9.5,9.5,0.855,0.855,0.855,0.855,0.855,0.9
TNA031,TNA,1,27839,1631,26208,17.15492178074335,6.5456813876462725,7.64,8.2,2.0628,2.214,3.4833000000000003,4.3053,3.7298999999999998,3.93
TNA031,TNA,2,27839,1631,26208,20.128436251279794,7.680264137393084,1.2,1.34,0.108,0.1206,3.4833000000000003,4.3053,3.7298999999999998,3.93
TNA031,TNA,3,27839,1631,26208,12.094605262899858,4.614852435477663,3.47,5.0,0.38170000000000004,0.55,3.4833000000000003,4.3053,3.7298999999999998,3.93
TNA031,TNA,4,27839,1631,26208,25.999593372477975,9.920479766665894,4.42,6.36,0.6629999999999999,0.954,3.4833000000000003,4.3053,3.7298999999999998,3.93
TNA031,TNA,5,27839,1631,26208,22.69354234382635,8.659013409579652,2.06,3.59,0.26780000000000004,0.4667,3.4833000000000003,4.3053,3.7298999999999998,3.93
TNA032,TNA,1,18931,1062,17869,9.575206437043978,5.3585575225496545,5.78,6.35,1.5606000000000002,1.7145,4.2026,5.0031,4.44275,4.68
TNA032,TNA,2,18931,1062,17869,30.663129892331202,17.159958527243383,3.61,3.71,0.32489999999999997,0.3339,4.2026,5.0031,4.44275,4.68
TNA032,TNA,3,18931,1062,17869,15.543496884430164,8.69858239656957,9.3,9.5,1.0230000000000001,1.045,4.2026,5.0031,4.44275,4.68
TNA032,TNA,4,18931,1062,17869,20.831045612168946,11.657644866623173,5.36,7.8,0.804,1.17,4.2026,5.0031,4.44275,4.68
TNA032,TNA,5,18931,1062,17869,21.69452895636273,12.140874674779077,3.77,5.69,0.49010000000000004,0.7397,4.2026,5.0031,4.44275,4.68
TNA033,TNA,1,11873,796,11077,3.656314466409528,3.3008165265049456,2.56,3.13,0.6912,0.8451000000000001,2.1818,4.1151,2.7617899999999995,2.91
TNA033,TNA,2,11873,796,11077,10.840804290827524,9.786769243321771,1.74,1.87,0.1566,0.1683,2.1818,4.1151,2.7617899999999995,2.91
TNA033,TNA,3,11873,796,11077,5.6792519368335235,5.127066838343887,4.2,5.76,0.462,0.6335999999999999,2.1818,4.1151,2.7617899999999995,2.91
TNA033,TNA,4,11873,796,11077,9.22601077346207,8.328979663683372,3.55,5.04,0.5325,0.756,2.1818,4.1151,2.7617899999999995,2.91
TNA033,TNA,5,11873,796,11077,8.647060813708155,7.806320135152258,1.65,3.07,0.2145,0.3991,2.1818,4.1151,2.7617899999999995,2.91
TNA033,TNA,6,11873,796,11077,0.5067857142857142,0.45751170378777123,0.5,2.48,0.015,0.0744,2.1818,4.1151,2.7617899999999995,2.91
TNA033,TNA,7,11873,796,11077,0.6199999999999999,0.5597183352893382,0.5,5.63,0.11,1.2386,2.1818,4.1151,2.7617899999999995,2.91
TNA034,TNA,1,12715,586,12129,6.403683549750465,5.279646755503721,5.66,6.22,1.5282000000000002,1.6794,3.1614000000000004,4.0567,3.42999,3.61
TNA034,TNA,2,12715,586,12129,9.581715363950673,7.899839528362332,1.26,1.4,0.1134,0.126,3.1614000000000004,4.0567,3.42999,3.61
TNA034,TNA,3,12715,586,12129,6.865582802427714,5.660468960695617,4.96,6.55,0.5456,0.7205,3.1614000000000004,4.0567,3.42999,3.61
TNA034,TNA,4,12715,586,12129,14.859324357993858,12.251071282046217,5.68,8.29,0.852,1.2434999999999998,3.1614000000000004,4.0567,3.42999,3.61
TNA034,TNA,5,12715,586,12129,7.729193333006968,6.372490174793444,0.94,2.21,0.1222,0.2873,3.1614000000000004,4.0567,3.42999,3.61
TNA035,TNA,1,18676,654,18022,5.969714232138465,3.312459345321532,2.58,3.15,0.6966000000000001,0.8505,2.1649000000000003,3.0452000000000004,2.42899,2.56
TNA035,TNA,2,18676,654,18022,19.20178096460389,10.654633761293914,1.96,2.08,0.1764,0.1872,2.1649000000000003,3.0452000000000004,2.42899,2.56
TNA035,TNA,3,18676,654,18022,6.112951018204921,3.3919381967622466,1.72,3.17,0.1892,0.3487,2.1649000000000003,3.0452000000000004,2.42899,2.56
TNA035,TNA,4,18676,654,18022,19.88754185370786,11.035146961329408,5.02,7.28,0.7529999999999999,1.092,2.1649000000000003,3.0452000000000004,2.42899,2.56
TNA035,TNA,5,18676,654,18022,17.915249830126683,9.940766746269384,2.69,4.36,0.3497,0.5668000000000001,2.1649000000000003,3.0452000000000004,2.42899,2.56
TNA036,TNA,1,9031,444,8587,4.7422845952226345,5.522632578575328,6.04,6.6,1.6308,1.782,4.5173,5.3612,4.7704699999999995,5.02
TNA036,TNA,2,9031,444,8587,19.658782673551116,22.893656310179477,5.06,5.14,0.45539999999999997,0.46259999999999996,4.5173,5.3612,4.7704699999999995,5.02
TNA036,TNA,3,9031,444,8587,8.674904453406533,10.10236922488242,9.5,9.5,1.045,1.045,4.5173,5.3612,4.7704699999999995,5.02
TNA036,TNA,4,9031,444,8587,11.728799663515257,13.658786145936016,6.45,9.46,0.9675,1.419,4.5173,5.3612,4.7704699999999995,5.02
TNA036,TNA,5,9031,444,8587,9.463881147094595,11.02117287422219,3.22,5.02,0.4186,0.6526,4.5173,5.3612,4.7704699999999995,5.02
TNA037,TNA,1,7141,391,6750,4.853594350627434,7.19051014907768,8.64,9.21,2.3328,2.4867000000000004,6.0889,6.8185,6.307779999999999,6.64
TNA037,TNA,2,7141,391,6750,26.68807234193721,39.537884951018086,9.29,9.29,0.8360999999999998,0.8360999999999998,6.0889,6.8185,6.307779999999999,6.64
TNA037,TNA,3,7141,391,6750,8.756699292282937,12.972887840419165,9.5,9.5,1.045,1.045,6.0889,6.8185,6.307779999999999,6.64
TNA037,TNA,4,7141,391,6750,10.748280070888324,15.923377882797515,7.69,9.5,1.1535,1.425,6.0889,6.8185,6.307779999999999,6.64
TNA037,TNA,5,7141,391,6750,10.648384449922535,15.775384370255606,5.55,7.89,0.7215,1.0257,6.0889,6.8185,6.307779999999999,6.64
TPE001,TPE,1,14803,522,14281,9.343371878359216,6.542519346235709,5.79,8.2,1.5633000000000001,2.214,6.6096,7.1981,6.786149999999999,7.14
TPE001,TPE,2,14803,522,14281,14.013528233926554,9.812707957374522,1.77,1.87,0.1593,0.1683,6.6096,7.1981,6.786149999999999,7.14
TPE001,TPE,3,14803,522,14281,10.884996994797758,7.622013160701463,9.5,9.48,1.045,1.0428,6.6096,7.1981,6.786149999999999,7.14
TPE001,TPE,4,14803,522,14281,15.604320919425872,10.926630431640552,5.06,7.19,0.7589999999999999,1.0785,6.6096,7.1981,6.786149999999999,7.14
TPE001,TPE,5,14803,522,14281,14.863580727866053,10.407941130079163,9.5,4.65,1.235,0.6045,6.6096,7.1981,6.786149999999999,7.14
TPE001,TPE,7,14803,522,14281,1.707118167339204,1.1953771916106744,8.4,9.5,1.848,2.09,6.6096,7.1981,6.786149999999999,7.14
TPE002,TPE,1,17794,1072,16722,7.2383251550856045,4.328624061168284,2.03,4.74,0.5481,1.2798,3.1866000000000003,4.1002,3.46068,3.64
TPE002,TPE,2,17794,1072,16722,22.054487647673007,13.18890542260077,5.34,2.72,0.48059999999999997,0.24480000000000002,3.1866000000000003,4.1002,3.46068,3.64
TPE002,TPE,3,17794,1072,16722,5.774181881563399,3.4530450194733877,1.68,3.26,0.1848,0.3586,3.1866000000000003,4.1002,3.46068,3.64
TPE002,TPE,4,17794,1072,16722,26.31554280795817,15.737078583876434,9.5,9.5,1.425,1.425,3.1866000000000003,4.1002,3.46068,3.64
TPE002,TPE,5,17794,1072,16722,12.455250009914728,7.4484212474074445,3.37,2.86,0.43810000000000004,0.3718,3.1866000000000003,4.1002,3.46068,3.64
TPE002,TPE,7,17794,1072,16722,0.58,0.34684846310249967,0.5,1.91,0.11,0.42019999999999996,3.1866000000000003,4.1002,3.46068,3.64
TPE003,TPE,1,25851,2796,23055,20.660529986714913,8.961409666759884,9.5,9.5,2.5650000000000004,2.5650000000000004,5.008800000000001,5.626,5.193960000000001,5.47
TPE003,TPE,2,25851,2796,23055,20.62956030741342,8.947976711088016,0.86,1.66,0.0774,0.14939999999999998,5.008800000000001,5.626,5.193960000000001,5.47
TPE003,TPE,3,25851,2796,23055,15.291444554165606,6.632593604062289,7.79,8.0,0.8569,0.88,5.008800000000001,5.626,5.193960000000001,5.47
TPE003,TPE,4,25851,2796,23055,20.31399451472496,8.811101502808485,2.47,5.44,0.3705,0.8160000000000001,5.008800000000001,5.626,5.193960000000001,5.47
TPE003,TPE,5,25851,2796,23055,20.7755180471788,9.011285208058469,6.68,3.8,0.8684,0.494,5.008800000000001,5.626,5.193960000000001,5.47
TPE003,TPE,7,25851,2796,23055,0.9800000000000001,0.42507048362611155,1.23,3.28,0.2706,0.7215999999999999,5.008800000000001,5.626,5.193960000000001,5.47
TPE004,TPE,1,19563,840,18723,17.840074906017318,9.528427552217762,9.5,9.5,2.5650000000000004,2.5650000000000004,6.524,6.5323,6.52649,6.87
TPE004,TPE,2,19563,840,18723,16.08218441852735,8.589533952105619,0.5,1.57,0.045,0.1413,6.524,6.5323,6.52649,6.87
TPE004,TPE,3,19563,840,18723,19.18355121158673,10.245981526244048,9.5,9.5,1.045,1.045,6.524,6.5323,6.52649,6.87
TPE004,TPE,4,19563,840,18723,27.651448776310335,14.76870628441507,9.5,9.5,1.425,1.425,6.524,6.5323,6.52649,6.87
TPE004,TPE,5,19563,840,18723,22.94531245857515,12.25514739014856,9.5,5.76,1.235,0.7488,6.524,6.5323,6.52649,6.87
TPE004,TPE,7,19563,840,18723,0.74,0.39523580622763443,0.95,2.76,0.209,0.6072,6.524,6.5323,6.52649,6.87
TPE005,TPE,1,10761,316,10445,6.19154366491086,5.927758415424471,4.75,7.24,1.2825000000000002,1.9548,4.0584,5.631600000000001,4.53036,4.77
TPE005,TPE,2,10761,316,10445,9.190316655298425,8.798771331065987,0.7,1.62,0.063,0.1458,4.0584,5.631600000000001,4.53036,4.77
TPE005,TPE,3,10761,316,10445,5.077954395204288,4.861612633034263,4.39,5.36,0.48289999999999994,0.5896,4.0584,5.631600000000001,4.53036,4.77
TPE005,TPE,4,10761,316,10445,7.334366825110774,7.021892604222857,0.5,3.96,0.075,0.594,4.0584,5.631600000000001,4.53036,4.77
TPE005,TPE,5,10761,316,10445,6.272706594327253,6.005463469915991,0.5,1.98,0.065,0.2574,4.0584,5.631600000000001,4.53036,4.77
TPE005,TPE,7,10761,316,10445,1.8664256293660548,1.7869082138497414,9.5,9.5,2.09,2.09,4.0584,5.631600000000001,4.53036,4.77
TPE006,TPE,1,10664,390,10274,6.401548991175405,6.230824402545654,5.26,7.71,1.4202000000000001,2.0817,2.6,3.9203,2.9960899999999997,3.15
TPE006,TPE,2,10664,390,10274,8.330605239808353,8.108434144255744,0.5,1.45,0.045,0.1305,2.6,3.9203,2.9960899999999997,3.15
TPE006,TPE,3,10664,390,10274,4.39433114791556,4.277137578270936,3.27,4.49,0.3597,0.4939,2.6,3.9203,2.9960899999999997,3.15
TPE006,TPE,4,10664,390,10274,9.560602819202433,9.30562859568078,3.07,5.85,0.46049999999999996,0.8775,2.6,3.9203,2.9960899999999997,3.15
TPE006,TPE,5,10664,390,10274,7.196215333358341,7.00429757967524,2.42,2.59,0.3146,0.3367,2.6,3.9203,2.9960899999999997,3.15
TPE007,TPE,1,14529,767,13762,4.307301447665873,3.129851364384445,0.5,2.86,0.135,0.7722,1.2366,2.892,1.7332199999999998,1.82
TPE007,TPE,2,14529,767,13762,15.3358962797488,11.143653742006103,3.18,2.21,0.2862,0.1989,1.2366,2.892,1.7332199999999998,1.82
TPE007,TPE,3,14529,767,13762,1.2184763557487486,0.8853919166899785,0.5,0.5,0.055,0.055,1.2366,2.892,1.7332199999999998,1.82
TPE007,TPE,4,14529,767,13762,6.671627303346101,4.8478617231115395,0.5,2.16,0.075,0.324,1.2366,2.892,1.7332199999999998,1.82
TPE007,TPE,5,14529,767,13762,6.602423780168563,4.797575773992561,0.5,1.25,0.065,0.1625,1.2366,2.892,1.7332199999999998,1.82
TPE007,TPE,7,14529,767,13762,0.82,0.5958436273797413,2.82,6.27,0.6204,1.3794,1.2366,2.892,1.7332199999999998,1.82
TPE008,TPE,1,20729,1023,19706,6.566124014402255,3.3320430398874734,0.5,3.18,0.135,0.8586000000000001,1.8356999999999999,3.5249,2.34246,2.47
TPE008,TPE,2,20729,1023,19706,23.026612927206696,11.685077096928193,3.75,2.34,0.33749999999999997,0.21059999999999998,1.8356999999999999,3.5249,2.34246,2.47
TPE008,TPE,3,20729,1023,19706,7.815617606111317,3.966110629306464,2.67,4.03,0.2937,0.4433,1.8356999999999999,3.5249,2.34246,2.47
TPE008,TPE,4,20729,1023,19706,18.37291739280124,9.323514357455213,3.1,5.87,0.46499999999999997,0.8805,1.8356999999999999,3.5249,2.34246,2.47
TPE008,TPE,5,20729,1023,19706,13.621852955535973,6.9125408279386855,2.23,2.53,0.2899,0.32889999999999997,1.8356999999999999,3.5249,2.34246,2.47
TPE008,TPE,7,20729,1023,19706,0.8800000000000001,0.44656449812239934,1.43,3.65,0.3146,0.8029999999999999,1.8356999999999999,3.5249,2.34246,2.47
TPE009,TPE,1,9533,326,9207,5.518458902487038,5.993764421078569,4.86,7.34,1.3122000000000003,1.9818,3.6458000000000004,4.2831,3.83699,4.04
TPE009,TPE,2,9533,326,9207,13.50590534317964,14.669170569327294,6.9,3.09,0.621,0.27809999999999996,3.6458000000000004,4.2831,3.83699,4.04
TPE009,TPE,3,9533,326,9207,3.91564711718656,4.252902266956186,3.22,4.46,0.3542,0.4906,3.6458000000000004,4.2831,3.83699,4.04
TPE009,TPE,4,9533,326,9207,10.508963265474055,11.4141015156664,5.65,7.6,0.8475,1.14,3.6458000000000004,4.2831,3.83699,4.04
TPE009,TPE,5,9533,326,9207,7.1027959694606135,7.714560627197365,3.93,3.02,0.5109,0.3926,3.6458000000000004,4.2831,3.83699,4.04
TPE010,TPE,1,23322,794,22528,12.55945627273731,5.5750427347022855,4.15,6.68,1.1205000000000003,1.8036,3.8623000000000003,4.6759,4.10638,4.32
TPE010,TPE,2,23322,794,22528,23.894136486657352,10.606417119432418,2.61,2.07,0.23489999999999997,0.18629999999999997,3.8623000000000003,4.6759,4.10638,4.32
TPE010,TPE,3,23322,794,22528,8.22637855199589,3.651624002128857,2.06,3.56,0.2266,0.3916,3.8623000000000003,4.6759,4.10638,4.32
TPE010,TPE,4,23322,794,22528,28.580319647903604,12.686576548252665,7.21,8.65,1.0815,1.2975,3.8623000000000003,4.6759,4.10638,4.32
TPE010,TPE,5,23322,794,22528,21.978509923598537,9.75608572602918,8.26,4.25,1.0738,0.5525,3.8623000000000003,4.6759,4.10638,4.32
TPE010,TPE,6,23322,794,22528,0.5067857142857144,0.2249581473214286,0.5,0.88,0.015,0.0264,3.8623000000000003,4.6759,4.10638,4.32
TPE010,TPE,7,23322,794,22528,0.7799999999999999,0.3462357954545454,0.5,1.9,0.11,0.418,3.8623000000000003,4.6759,4.10638,4.32
TPE011,TPE,1,21719,846,20873,11.20587201261534,5.368596757828458,3.8,6.36,1.026,1.7172000000000003,3.3001,4.3785,3.62362,3.81
TPE011,TPE,2,21719,846,20873,48.46765650786331,23.220263741610363,9.5,5.22,0.855,0.46979999999999994,3.3001,4.3785,3.62362,3.81
TPE011,TPE,3,21719,846,20873,7.304316069334892,3.4994088388515747,1.77,3.33,0.1947,0.3663,3.3001,4.3785,3.62362,3.81
TPE011,TPE,4,21719,846,20873,19.609051480422824,9.3944576632122,3.18,5.93,0.477,0.8895,3.3001,4.3785,3.62362,3.81
TPE011,TPE,5,21719,846,20873,16.64618418268844,7.974984038081944,4.48,3.17,0.5824,0.4121,3.3001,4.3785,3.62362,3.81
TPE011,TPE,7,21719,846,20873,0.78,0.37368849710151875,0.75,2.38,0.165,0.5236,3.3001,4.3785,3.62362,3.81
TPE012,TPE,1,18284,838,17446,8.347050668842222,4.78450686050798,2.8,5.45,0.756,1.4715000000000003,3.1464,3.5460000000000003,3.2662799999999996,3.44
TPE012,TPE,2,18284,838,17446,30.362548133035283,17.40373044424813,9.5,3.77,0.855,0.3393,3.1464,3.5460000000000003,3.2662799999999996,3.44
TPE012,TPE,3,18284,838,17446,4.829534179015843,2.7682759251495144,0.5,2.24,0.055,0.24640000000000004,3.1464,3.5460000000000003,3.2662799999999996,3.44
TPE012,TPE,4,18284,838,17446,18.03407997376905,10.337085849919209,4.34,6.71,0.6509999999999999,1.0065,3.1464,3.5460000000000003,3.2662799999999996,3.44
TPE012,TPE,5,18284,838,17446,15.471807524210652,8.868398214037976,6.38,3.71,0.8294,0.4823,3.1464,3.5460000000000003,3.2662799999999996,3.44
TYN001,TYN,1,48833,2820,46013,30.929976494305066,6.722008235564963,9.5,8.48,2.5650000000000004,2.2896,6.735600000000001,5.8773,6.47811,6.82
TYN001,TYN,2,48833,2820,46013,42.41256105740555,9.217517018539445,0.85,1.73,0.0765,0.1557,6.735600000000001,5.8773,6.47811,6.82
TYN001,TYN,3,48833,2820,46013,26.31651165247677,5.719364451888981,9.5,6.64,1.045,0.7303999999999999,6.735600000000001,5.8773,6.47811,6.82
TYN001,TYN,4,48833,2820,46013,52.83896102343846,11.483485324460142,8.41,7.66,1.2615,1.149,6.735600000000001,5.8773,6.47811,6.82
TYN001,TYN,5,48833,2820,46013,29.87848726577193,6.493488202414954,0.5,2.28,0.065,0.2964,6.735600000000001,5.8773,6.47811,6.82
TYN001,TYN,7,48833,2820,46013,2.596346651189332,0.56426371920747,7.83,5.71,1.7226000000000001,1.2562,6.735600000000001,5.8773,6.47811,6.82
TYN002,TYN,1,43302,1801,41501,21.89507859006106,5.275795424221359,9.5,6.22,2.5650000000000004,1.6794,5.810300000000001,4.4242,5.39447,5.68
TYN002,TYN,2,43302,1801,41501,60.327837818260456,14.536478113361234,2.46,3.05,0.22139999999999999,0.27449999999999997,5.810300000000001,4.4242,5.39447,5.68
TYN002,TYN,3,43302,1801,41501,14.21223001292802,3.4245512187484684,4.79,3.22,0.5269,0.3542,5.810300000000001,4.4242,5.39447,5.68
TYN002,TYN,4,43302,1801,41501,57.31119289509985,13.809593237536408,9.5,9.5,1.425,1.425,5.810300000000001,4.4242,5.39447,5.68
TYN002,TYN,5,43302,1801,41501,42.020865330818324,10.125265735962584,7.4,4.47,0.9620000000000001,0.5811,5.810300000000001,4.4242,5.39447,5.68
TYN002,TYN,7,43302,1801,41501,0.7599999999999999,0.18312811739476154,0.5,0.5,0.11,0.11,5.810300000000001,4.4242,5.39447,5.68
TYN003,TYN,1,10341,426,9915,1.7903096384130959,1.8056577291105353,0.5,0.8,0.135,0.21600000000000003,1.5374,2.0039,1.6773499999999997,1.77
TYN003,TYN,2,10341,426,9915,33.06315849634369,33.34660463574754,8.15,7.74,0.7335,0.6966,1.5374,2.0039,1.6773499999999997,1.77
TYN003,TYN,3,10341,426,9915,1.3199501946196222,1.3312659552391548,0.5,0.5,0.055,0.055,1.5374,2.0039,1.6773499999999997,1.77
TYN003,TYN,4,10341,426,9915,7.522767869039095,7.587259575430251,2.29,4.43,0.34349999999999997,0.6645,1.5374,2.0039,1.6773499999999997,1.77
TYN003,TYN,5,10341,426,9915,7.399299447898307,7.4627326756412575,2.08,2.86,0.27040000000000003,0.3718,1.5374,2.0039,1.6773499999999997,1.77
TYN004,TYN,1,19929,1199,18730,4.30444232182697,2.2981539358392795,1.7,1.56,0.459,0.4212,2.34,2.2387,2.30961,2.43
TYN004,TYN,2,19929,1199,18730,19.111028413047492,10.20343214791644,1.15,1.97,0.1035,0.17729999999999999,2.34,2.2387,2.30961,2.43
TYN004,TYN,3,19929,1199,18730,5.532044033581149,2.953573963470982,3.83,2.52,0.4213,0.2772,2.34,2.2387,2.30961,2.43
TYN004,TYN,4,19929,1199,18730,17.778353251271046,9.491913107993083,5.28,6.01,0.792,0.9015,2.34,2.2387,2.30961,2.43
TYN004,TYN,5,19929,1199,18730,16.0987426284957,8.595164243724346,4.34,3.55,0.5642,0.46149999999999997,2.34,2.2387,2.30961,2.43
TYN005,TYN,1,17293,684,16609,7.073417526789668,4.25878591534088,7.02,4.63,1.8954,1.2501,4.7166999999999994,3.7219,4.418259999999999,4.65
TYN005,TYN,2,17293,684,16609,16.287023723918924,9.806143490829625,1.03,1.87,0.0927,0.1683,4.7166999999999994,3.7219,4.418259999999999,4.65
TYN005,TYN,3,17293,684,16609,9.60358700481205,5.782158471197573,9.5,6.74,1.045,0.7414000000000001,4.7166999999999994,3.7219,4.418259999999999,4.65
TYN005,TYN,4,17293,684,16609,18.9149693375307,11.38838541605798,8.26,7.58,1.2389999999999999,1.137,4.7166999999999994,3.7219,4.418259999999999,4.65
TYN005,TYN,5,17293,684,16609,13.509863655851243,8.134062048197508,3.42,3.27,0.4446,0.42510000000000003,4.7166999999999994,3.7219,4.418259999999999,4.65
TYN006,TYN,1,8608,342,8266,2.989800477898088,3.616985818894372,5.28,3.62,1.4256000000000002,0.9774,5.4915,4.1367,5.0850599999999995,5.35
TYN006,TYN,2,8608,342,8266,32.18204527825808,38.93303324250917,9.5,9.14,0.855,0.8226,5.4915,4.1367,5.0850599999999995,5.35
TYN006,TYN,3,8608,342,8266,3.392573235745319,4.104250224710039,6.19,4.24,0.6809000000000001,0.46640000000000004,5.4915,4.1367,5.0850599999999995,5.35
TYN006,TYN,4,8608,342,8266,10.12995601744333,12.254967357177994,9.5,8.3,1.425,1.245,5.4915,4.1367,5.0850599999999995,5.35
TYN006,TYN,5,8608,342,8266,8.825627511341898,10.677023362378293,8.5,4.81,1.105,0.6253,5.4915,4.1367,5.0850599999999995,5.35
TYN007,TYN,1,18406,942,17464,6.828728932422816,3.910174606288832,6.07,4.08,1.6389000000000002,1.1016000000000001,3.0183000000000004,2.591,2.89011,3.04
TYN007,TYN,2,18406,942,17464,15.960634917662166,9.139163374749293,0.82,1.71,0.07379999999999999,0.15389999999999998,3.0183000000000004,2.591,2.89011,3.04
TYN007,TYN,3,18406,942,17464,4.568477572119228,2.6159399748735845,3.13,2.02,0.3443,0.2222,3.0183000000000004,2.591,2.89011,3.04
TYN007,TYN,4,18406,942,17464,12.32684352741625,7.058430787572291,1.46,3.99,0.219,0.5985,3.0183000000000004,2.591,2.89011,3.04
TYN007,TYN,5,18406,942,17464,16.209264979776385,9.281530565607184,5.71,3.96,0.7423000000000001,0.5148,3.0183000000000004,2.591,2.89011,3.04
TYN008,TYN,1,20547,1038,19509,7.3664252756912765,3.775911259260483,5.71,3.87,1.5417,1.0449000000000002,2.8959,2.5897,2.80404,2.95
TYN008,TYN,2,20547,1038,19509,10.376737863635311,5.318949133033631,0.5,0.75,0.045,0.0675,2.8959,2.5897,2.80404,2.95
TYN008,TYN,3,20547,1038,19509,6.325171061608899,3.2421810762257928,4.42,2.95,0.4862,0.3245,2.8959,2.5897,2.80404,2.95
TYN008,TYN,4,20547,1038,19509,16.724439971058175,8.572679261396368,3.84,5.25,0.576,0.7875,2.8959,2.5897,2.80404,2.95
TYN008,TYN,5,20547,1038,19509,14.37977246119345,7.370840361470834,1.9,2.81,0.247,0.3653,2.8959,2.5897,2.80404,2.95
TYN009,TYN,1,12924,634,12290,3.5889967801877694,2.9202577544245476,3.39,2.54,0.9153000000000001,0.6858000000000001,4.8438,4.2142,4.65492,4.9
TYN009,TYN,2,12924,634,12290,33.61361870609608,27.350381371925202,6.33,6.25,0.5697,0.5625,4.8438,4.2142,4.65492,4.9
TYN009,TYN,3,12924,634,12290,1.3541666666666665,1.1018443178736097,0.5,0.5,0.055,0.055,4.8438,4.2142,4.65492,4.9
TYN009,TYN,4,12924,634,12290,11.692321364536715,9.513687033797163,5.31,6.02,0.7964999999999999,0.9029999999999999,4.8438,4.2142,4.65492,4.9
TYN009,TYN,5,12924,634,12290,9.865919151126231,8.027598983829318,3.21,3.21,0.4173,0.4173,4.8438,4.2142,4.65492,4.9
TYN009,TYN,7,12924,634,12290,0.8000000000000002,0.6509357200976404,9.5,7.23,2.09,1.5906,4.8438,4.2142,4.65492,4.9
TYN010,TYN,1,21755,902,20853,7.790082548039761,3.7357131098833554,5.6,3.81,1.512,1.0287000000000002,2.7861,2.5778000000000003,2.72361,2.87
TYN010,TYN,2,21755,902,20853,16.264842727191226,7.799761534163538,0.5,1.37,0.045,0.1233,2.7861,2.5778000000000003,2.72361,2.87
TYN010,TYN,3,21755,902,20853,6.652660765460854,3.190265556735651,4.31,2.87,0.47409999999999997,0.31570000000000004,2.7861,2.5778000000000003,2.72361,2.87
TYN010,TYN,4,21755,902,20853,18.88491347551929,9.056209406569458,4.6,5.65,0.69,0.8475,2.7861,2.5778000000000003,2.72361,2.87
TYN010,TYN,5,21755,902,20853,12.662512907145349,6.072273968803216,0.5,2.02,0.065,0.2626,2.7861,2.5778000000000003,2.72361,2.87
TYN011,TYN,1,6150,280,5870,1.72868726044157,2.944952743512044,3.46,2.58,0.9342,0.6966000000000001,2.5877,2.0658000000000003,2.43113,2.56
TYN011,TYN,2,6150,280,5870,10.845817864003115,18.476691420788953,3.65,4.04,0.32849999999999996,0.3636,2.5877,2.0658000000000003,2.43113,2.56
TYN011,TYN,4,6150,280,5870,2.181420520199336,3.7162189441215268,0.5,1.22,0.075,0.183,2.5877,2.0658000000000003,2.43113,2.56
TYN011,TYN,5,6150,280,5870,6.633184893923797,11.300144623379554,9.5,5.19,1.235,0.6747000000000001,2.5877,2.0658000000000003,2.43113,2.56
TYN011,TYN,6,6150,280,5870,0.47711309523809525,0.8127991400989698,0.5,4.93,0.015,0.14789999999999998,2.5877,2.0658000000000003,2.43113,2.56
TYN012,TYN,1,9770,432,9338,0.6008333333333333,0.6434282858570715,0.5,0.5,0.135,0.135,1.8990999999999998,1.7806,1.8635499999999996,1.96
TYN012,TYN,2,9770,432,9338,12.915968824978954,13.831622215655338,2.24,2.88,0.2016,0.2592,1.8990999999999998,1.7806,1.8635499999999996,1.96
TYN012,TYN,3,9770,432,9338,2.576600677179587,2.7592639507170564,3.43,2.23,0.3773,0.2453,1.8990999999999998,1.7806,1.8635499999999996,1.96
TYN012,TYN,4,9770,432,9338,5.958354850543055,6.3807612449593645,0.5,3.43,0.075,0.5145,1.8990999999999998,1.7806,1.8635499999999996,1.96
TYN012,TYN,5,9770,432,9338,9.991581545749213,10.699915983882216,8.54,4.82,1.1101999999999999,0.6266,1.8990999999999998,1.7806,1.8635499999999996,1.96
TYN013,TYN,2,2782,94,2688,18.5033678939628,68.8369341293259,9.5,9.5,0.855,0.855,2.09,2.09,2.09,2.2
TYN013,TYN,5,2782,94,2688,7.380520860159456,27.457294866664647,9.5,9.5,1.235,1.235,2.09,2.09,2.09,2.2
